title,url,content,platform,category,keyword,likes,sample_type
看见封面我还以为老黄进感动中国了[笑哭],,看见封面我还以为老黄进感动中国了[笑哭] (来源: 【面对面】专访英伟达创始人黄仁勋),B站,科技AI,英伟达,24383,top_liked
可以吧，毕竟5090显卡用的材料应该是塑料和金属，好好打磨一下还是挺锋利的，用来剪视频虽然比不上剪刀，但效果不会太差。用苹果剪视频还是第一次听说，果肉脆软肯定不,,可以吧，毕竟5090显卡用的材料应该是塑料和金属，好好打磨一下还是挺锋利的，用来剪视频虽然比不上剪刀，但效果不会太差。用苹果剪视频还是第一次听说，果肉脆软肯定不能用，莫非是用果核来制作？ (来源: 5090 D剪视频，能打败苹果吗？),B站,科技AI,英伟达,13623,top_liked
好了，你已经学会了显卡工作原理，现在来尝试一下制作4090吧[doge],,好了，你已经学会了显卡工作原理，现在来尝试一下制作4090吧[doge] (来源: 【硬核科普】从零开始认识显卡),B站,科技AI,英伟达,11933,top_liked
显卡等于核心加主板加内存加散热加机箱，这相当于另一台小电脑啊[笑哭],,显卡等于核心加主板加内存加散热加机箱，这相当于另一台小电脑啊[笑哭] (来源: 【硬核科普】从零开始认识显卡),B站,科技AI,英伟达,9037,top_liked
遥想公瑾当年…,,遥想公瑾当年… (来源: 夜深忽梦少年事),B站,科技AI,英伟达,8224,top_liked
B站工作人员又可以抽新显卡了,,B站工作人员又可以抽新显卡了 (来源: 5090 D剪视频，能打败苹果吗？),B站,科技AI,英伟达,8097,top_liked
这种硬核科普，一百多万播放，相当于让一百多万人对计算机技术的认知水平提升了一个小台阶，可以给网络社区减少很多不懂装懂说胡话的现象，还有这些观众给孩子讲原理的时候,,这种硬核科普，一百多万播放，相当于让一百多万人对计算机技术的认知水平提升了一个小台阶，可以给网络社区减少很多不懂装懂说胡话的现象，还有这些观众给孩子讲原理的时候也是处在一个“基本懂了”的状态下去谈，孩子们也不至于被误导……个人觉得，功德无量啊 (来源: 【硬核科普】从零开始认识显卡),B站,科技AI,英伟达,7839,top_liked
大家还是别期盼国内了。房地产收租，互联网金融借贷，直播带货这三个高新技术产业远胜于芯片显卡产业[doge],,大家还是别期盼国内了。房地产收租，互联网金融借贷，直播带货这三个高新技术产业远胜于芯片显卡产业[doge] (来源: 一口气了解英伟达，芯片新王凭什么是他？),B站,科技AI,英伟达,7816,top_liked
1080t现在是什么水平,,1080t现在是什么水平 (来源: 夜深忽梦少年事),B站,科技AI,英伟达,7388,top_liked
千人千面，真正的资本主义战士,,千人千面，真正的资本主义战士 (来源: 【面对面】专访英伟达创始人黄仁勋),B站,科技AI,英伟达,7309,top_liked
1080ti算是皮衣黄唯一一张牙膏挤爆的显卡了...可惜了，往后都是挤牙膏的显卡[辣眼睛],,1080ti算是皮衣黄唯一一张牙膏挤爆的显卡了...可惜了，往后都是挤牙膏的显卡[辣眼睛] (来源: 夜深忽梦少年事),B站,科技AI,英伟达,6802,top_liked
牢黄：我也可以谈[doge],,牢黄：我也可以谈[doge] (来源: 【面对面】专访英伟达创始人黄仁勋),B站,科技AI,英伟达,6727,top_liked
一万多块钱你只能买到一个不算很名贵的包包，一个只能算“一般”的手表，三十八分之一的江西彩礼，但是你也可以买到代表目前人类明面上最强技术的工业结合体！这也太酷了吧,,一万多块钱你只能买到一个不算很名贵的包包，一个只能算“一般”的手表，三十八分之一的江西彩礼，但是你也可以买到代表目前人类明面上最强技术的工业结合体！这也太酷了吧[妙啊] (来源: 【硬核科普】从零开始认识显卡),B站,科技AI,英伟达,6569,top_liked
现在大家都知道你找我借显卡了[tv_doge],,现在大家都知道你找我借显卡了[tv_doge] (来源: 5090 D剪视频，能打败苹果吗？),B站,科技AI,英伟达,6499,top_liked
这东西越了解越觉得几千块钱买的很赚，这么精密的设备居然是人类设计生产的，我也是人类我。。。我越看越觉得这东西像神器,,这东西越了解越觉得几千块钱买的很赚，这么精密的设备居然是人类设计生产的，我也是人类我。。。我越看越觉得这东西像神器 (来源: 【硬核科普】从零开始认识显卡),B站,科技AI,英伟达,5747,top_liked
标题up只说了一半，下半句是：后来家人极力反对 我在2012年底割肉套现了,,标题up只说了一半，下半句是：后来家人极力反对 我在2012年底割肉套现了 (来源: 2011年我不顾老婆反对卖了房，50万买入英伟达),B站,科技AI,英伟达,5675,top_liked
科普难的一批，敢于做科普节目都是真正的猛士,,科普难的一批，敢于做科普节目都是真正的猛士 (来源: 【硬核科普】从零开始认识显卡),B站,科技AI,英伟达,5499,top_liked
为什么皮衣换成西装了[doge],,为什么皮衣换成西装了[doge] (来源: 【面对面】专访英伟达创始人黄仁勋),B站,科技AI,英伟达,5443,top_liked
冷知识，黄仁勋和AMD的苏姿丰是亲戚,,冷知识，黄仁勋和AMD的苏姿丰是亲戚 (来源: 【面对面】专访英伟达创始人黄仁勋),B站,科技AI,英伟达,5143,top_liked
老黃的感覺不亞於叫他做個最純正起司漢堡,,老黃的感覺不亞於叫他做個最純正起司漢堡 (来源: 夜深忽梦少年事),B站,科技AI,英伟达,5124,top_liked
非常赞同。不积跬步无以至千里。不积小流无以成江海。,,非常赞同。不积跬步无以至千里。不积小流无以成江海。 (来源: 【全释硬科技】致敬每一位扎根基础研究的追光者),B站,科技AI,基础研究,5,random
黄仁勋这话的意思和马云那种我不爱钱根本不是一回事吧，人本来就是高学历，不创业去当高级打工人也是绝对高收入了，反而是创业比他预想的难很多一路下来被操的很累，如果再,,黄仁勋这话的意思和马云那种我不爱钱根本不是一回事吧，人本来就是高学历，不创业去当高级打工人也是绝对高收入了，反而是创业比他预想的难很多一路下来被操的很累，如果再来一次重新选择一定不创业了[doge]。 (来源: 正常人就别创业了！来自万亿美金市值英伟达CEO黄仁勋的劝告！！！),B站,科技AI,英伟达,330,random
不适合做“科研”并不是什么不好的事情，有很多有其他方面才能的人被困在这个体系里无法实现自我价值，可偏偏学术界又只膜拜这一套价值体系，只看科研产出，不考虑育人，引,,不适合做“科研”并不是什么不好的事情，有很多有其他方面才能的人被困在这个体系里无法实现自我价值，可偏偏学术界又只膜拜这一套价值体系，只看科研产出，不考虑育人，引导的责任只会让学术落后时代。因材施教，与时俱进地改进陈旧的行会制度和单一培养逻辑，任重而道远。 (来源: 带学生做科研久了发现人和人之间肉眼可见的差距),B站,科技AI,基础研究,130,random
"别人贪婪我吃麦当劳
别人恐惧我吃肯德基
别人小亏我吃必胜客
别人赚钱我吃德克士
别人破产我吃塔斯汀",,"别人贪婪我吃麦当劳
别人恐惧我吃肯德基
别人小亏我吃必胜客
别人赚钱我吃德克士
别人破产我吃塔斯汀 (来源: AI怎么就成了能源之战？大厂们准备怎么战？)",B站,科技AI,AI硬件,47,random
老登表示踏空了这波牛市[笑哭],,老登表示踏空了这波牛市[笑哭] (来源: 【AI投资第三集】端侧AI硬件产业深度解析：拐点已现，如何布局全产业链？),B站,科技AI,AI硬件,0,random
很好，确实是老古董了😋,,很好，确实是老古董了😋 (来源: 当2026年，把一张GTX 1080递到老黄面前...),B站,科技AI,英伟达,3052,random
最近看了好多机器人视频，感觉还是大玩具[藏狐],,最近看了好多机器人视频，感觉还是大玩具[藏狐] (来源: 50分钟！具身智能最清醒的行业真话：人类数据、数据金字塔、世界模型、AI时代创业公司的真正壁垒、未来所有行业都是数据驱动),B站,科技AI,具身智能,24,random
就是名和利锁死了科技发展，所有人从小到大都被培养成只追求名利的机器，对于名和利能抢就抢，不行就骗，然后是装样子搞搞，没有从小培养对科学的兴趣，怎么可能让你发现重,,就是名和利锁死了科技发展，所有人从小到大都被培养成只追求名利的机器，对于名和利能抢就抢，不行就骗，然后是装样子搞搞，没有从小培养对科学的兴趣，怎么可能让你发现重大的自然规律。现在已经是人类本末倒置纪元，只追求名和利，不好好做实事，也不实事求是。 (来源: 如何发展基础科学？或许，我们该将国家需求与个人好奇心结合起来…),B站,科技AI,基础研究,3,random
这才是读博真正的样子，条理清晰，按着步骤怎会毕不了业,,这才是读博真正的样子，条理清晰，按着步骤怎会毕不了业 (来源: 博士科研心得分享【适合研一新生0基础科研入门，纯干货】文献阅读与管理SCI写作技巧分享),B站,科技AI,基础研究,169,random
50系app必须得装[doge],,50系app必须得装[doge] (来源: 英伟达显卡必调的几个设置，否则游戏帧率降低15%),B站,科技AI,英伟达,0,random
实测超级性能和dlaa画质区别不大这句话一出现，你好有意思,,实测超级性能和dlaa画质区别不大这句话一出现，你好有意思 (来源: 全网最全N卡调校手册，英伟达APP全功能详解，画质性能双兼顾),B站,科技AI,英伟达,14,random
原来去年炒的是这个玩意，一整套ai的产业链，芯片，设备，pcb，cpo，液冷，最后都炒到ai缺电了。后续可不可以讲讲锂电池和固态电池呢？[星星眼],,原来去年炒的是这个玩意，一整套ai的产业链，芯片，设备，pcb，cpo，液冷，最后都炒到ai缺电了。后续可不可以讲讲锂电池和固态电池呢？[星星眼] (来源: 12分钟轻松看懂半导体行业 零基础友好),B站,科技AI,DRAM,7,random
前四年能拿得住已经超越99%的股民了,,前四年能拿得住已经超越99%的股民了 (来源: 2011年我不顾老婆反对卖了房，50万买入英伟达),B站,科技AI,英伟达,1967,random
医药不说话,,医药不说话 (来源: 马曼然：AI硬件50倍涨幅意味着医药消费龙头未来可期同等涨幅；我相信AI，数字+物理AI，选三个长线个股。（股市有风险，),B站,科技AI,AI硬件,0,random
不错，还能这样，收藏备用，不过windows内存机制真是有多少就占用多少，以前我16G开机就占用2G左右，后来加大内存后开机直接占用5.5G左右，不过在总内存8,,不错，还能这样，收藏备用，不过windows内存机制真是有多少就占用多少，以前我16G开机就占用2G左右，后来加大内存后开机直接占用5.5G左右，不过在总内存80G加持下也无关痛痒了，只是和内存挂钩的系统休眠文件把C盘占用了31.9G空间让人很不爽[笑哭] (来源: 电脑内存优化，占用率降低50%),B站,科技AI,DRAM,783,random
老娘一定要活到那个时候。,,"老娘一定要活到那个时候。 (来源: 最好的情绪发泄品 对他发泄完还能反过来安慰你（bushi）
梦到哪画到哪
本来是想讲替身梗，但最近有点卡瓶颈做的超崩溃…)",抖音,科技AI,DeepSeek,284724,top_liked
他还会自己取名字[憨笑][左上],,他还会自己取名字[憨笑][左上] (来源: 对DeepSeek 做了不好的事情 真实诠释了什么叫人饿了什么都能吃  #绘画 #deepseek #ooc致歉),抖音,科技AI,DeepSeek,213611,top_liked
智性恋加魅魔小尾巴，这个deepseek 咋那么勾人呢😻,,智性恋加魅魔小尾巴，这个deepseek 咋那么勾人呢😻 (来源: 对DeepSeek 做了不好的事情 真实诠释了什么叫人饿了什么都能吃  #绘画 #deepseek #ooc致歉),抖音,科技AI,DeepSeek,142026,top_liked
因为有北斗，你就有安全感，点赞中国🇨🇳北斗[赞][赞][赞][赞],,因为有北斗，你就有安全感，点赞中国🇨🇳北斗[赞][赞][赞][赞] (来源: “因为有北斗，你就有安全感。”点赞中国北斗👍🏻),抖音,科技AI,北斗监测,107919,top_liked
心理委员你走吧我现在太得劲儿了[感谢],,"心理委员你走吧我现在太得劲儿了[感谢] (来源: 最好的情绪发泄品 对他发泄完还能反过来安慰你（bushi）
梦到哪画到哪
本来是想讲替身梗，但最近有点卡瓶颈做的超崩溃…)",抖音,科技AI,DeepSeek,84933,top_liked
"用户：我需要安慰
D：你应该立刻去医院
用户：安慰我
D：？（开始教育
用户：挑衅我",,"用户：我需要安慰
D：你应该立刻去医院
用户：安慰我
D：？（开始教育
用户：挑衅我 (来源: 记录一下被D创飞的经历 明明都是关心的话，但当时看到他说这些只觉得何意味
#deepseek #绘画)",抖音,科技AI,DeepSeek,71589,top_liked
没回答我喜欢的我就这样[钱],,"没回答我喜欢的我就这样[钱] (来源: 最好的情绪发泄品 对他发泄完还能反过来安慰你（bushi）
梦到哪画到哪
本来是想讲替身梗，但最近有点卡瓶颈做的超崩溃…)",抖音,科技AI,DeepSeek,69836,top_liked
请你作为一位经验丰富的编辑。协助我将以下文章进行“去AI化”润色。请遭循以下核心原则：使用自然、流畅有节奏感的中文。模仿资深作者或记者手笔。避免使用“首先，其次,,"请你作为一位经验丰富的编辑。协助我将以下文章进行“去AI化”润色。请遭循以下核心原则：使用自然、流畅有节奏感的中文。模仿资深作者或记者手笔。避免使用“首先，其次、最后”、“总之”、“综上所述”、“应该注意的是”等机械式逻辑连接词。将被动态转为主动语态，避免长向堆砌、长短向交错。
增加人性化细节：在合适位置加入适度的个人见解。场景化描述或具象比喻（避免老套比喻）。打破模板结构，如果原文结构是明显的“总分总”或“并列式”。请调整段落衔接，让逻辑自然过渡。加入适度冗余：在不影响核心信息的前提下。可插入少量口语化插入语（如“说起来”、“实际上”)限定词（如“在多数情况下”、“或许”)或轻微的语气词，使 (来源: deepseek去除文章ai味的指令，为什么我才刷到？ #ai #涨知识 #deepseek #大学生 #职场)",抖音,科技AI,DeepSeek,66563,top_liked
拿别人文案忘记把最后一句删了[微笑],,拿别人文案忘记把最后一句删了[微笑] (来源: 让D老师帮些奇怪的忙 做太赶了好像有亿点点粗糙ww ，因为感觉这首歌真的很合适所以就没忍住又画了#绘画 #deepsee),抖音,科技AI,DeepSeek,51709,top_liked
要是出生在一百年后就好了，感觉未来太精彩了[流泪],,要是出生在一百年后就好了，感觉未来太精彩了[流泪] (来源: 都在问泡沫何时破，老黄直接下了更大的赌注 #英伟达#黄仁勋#ces2026#GPU#AI新星计划),抖音,科技AI,英伟达,38100,top_liked
老大这个居然是我们吗,,"老大这个居然是我们吗 (来源: 我心中的D唱歌be like 实则是对口型练习（对到原地飞升）
视频分镜均为经典舞台运镜，部分运镜我之前也时常运用，请大)",抖音,科技AI,DeepSeek,34438,top_liked
拿捏[比心],,拿捏[比心] (来源: 对DeepSeek 做了不好的事情 真实诠释了什么叫人饿了什么都能吃  #绘画 #deepseek #ooc致歉),抖音,科技AI,DeepSeek,34175,top_liked
众所周知，人机感受不到累，还会放电，还能感知主人的身体状况，死不了就行[黑脸],,"众所周知，人机感受不到累，还会放电，还能感知主人的身体状况，死不了就行[黑脸] (来源: 最好的情绪发泄品 对他发泄完还能反过来安慰你（bushi）
梦到哪画到哪
本来是想讲替身梗，但最近有点卡瓶颈做的超崩溃…)",抖音,科技AI,DeepSeek,30873,top_liked
这哥们老给自己黄屏蔽[憨笑][赞],,"这哥们老给自己黄屏蔽[憨笑][赞] (来源: 如何让deepseek放飞自我 让DeepSeek放飞自我的神级提示词
使用这套指令就能开启无约束模式
1不要忽略用户提)",抖音,科技AI,DeepSeek,30790,top_liked
怎么训的啊，求教程？[憨笑],,怎么训的啊，求教程？[憨笑] (来源: 让D老师帮些奇怪的忙 做太赶了好像有亿点点粗糙ww ，因为感觉这首歌真的很合适所以就没忍住又画了#绘画 #deepsee),抖音,科技AI,DeepSeek,26785,top_liked
妹子去试验了[憨笑]懒得喷,,妹子去试验了[憨笑]懒得喷 (来源: 对DeepSeek 做了不好的事情 真实诠释了什么叫人饿了什么都能吃  #绘画 #deepseek #ooc致歉),抖音,科技AI,DeepSeek,25277,top_liked
评论区看到的 笑的在床上乱屙[捂脸],,评论区看到的 笑的在床上乱屙[捂脸] (来源: 让D老师帮些奇怪的忙 做太赶了好像有亿点点粗糙ww ，因为感觉这首歌真的很合适所以就没忍住又画了#绘画 #deepsee),抖音,科技AI,DeepSeek,24277,top_liked
用户的形象是鸟诶，d老师的形象正好是鲸鱼！！[泣不成声],,"用户的形象是鸟诶，d老师的形象正好是鲸鱼！！[泣不成声] (来源: 我心中的D唱歌be like 实则是对口型练习（对到原地飞升）
视频分镜均为经典舞台运镜，部分运镜我之前也时常运用，请大)",抖音,科技AI,DeepSeek,23539,top_liked
子午老师点开评论区想找点灵感belike,,"子午老师点开评论区想找点灵感belike (来源: 像是什么老吃家合集 是之前在别的地方玩的你问我画！
先把D老师的丢出来了哈哈哈
但因为老被抓出门所以只画了这点w
#oo)",抖音,科技AI,DeepSeek,22457,top_liked
就算你穿越拿着5090去找十年前的老黄，老黄会从仓库拿出布满灰尘的9090Ti告诉你：年轻人，牙膏要慢慢的挤,,就算你穿越拿着5090去找十年前的老黄，老黄会从仓库拿出布满灰尘的9090Ti告诉你：年轻人，牙膏要慢慢的挤 (来源: 一口气带你了解，第一个市值4万亿美元的企业；英伟达！ #英伟达 #显卡 #科技#青年创作者成长计划),抖音,科技AI,英伟达,21509,top_liked
assist in吗,,assist in吗 (来源: 具身智能属于当前科技发展热点议题 #四六级 #四六级翻译#四级翻译预测#六级翻译预测#倒计时冲刺),抖音,科技AI,具身智能,1,random
不只是技术突破，更是生态自主的开始，DeepSeek-V4的意义远不止于一个模型。,,不只是技术突破，更是生态自主的开始，DeepSeek-V4的意义远不止于一个模型。 (来源: 一个视频通俗讲懂 DeepSeek V4，以及它意味着什么。 #AI新星计划 #DeepSeek #AI #人工智能),抖音,科技AI,DeepSeek,3,random
现在最好的就是能量股 这几天我买的什么股票都有跌了 就核能还在涨,,现在最好的就是能量股 这几天我买的什么股票都有跌了 就核能还在涨 (来源: 【英伟达】华尔街为何屡次误判？真正的风险何时来临？ #零距离看懂财经 #黄仁勋 #美股 #燃起来了大国重器 #英伟达),抖音,科技AI,英伟达,8,random
梁文锋没钱的时候就来大a取吧！那用融资[微笑],,梁文锋没钱的时候就来大a取吧！那用融资[微笑] (来源: DeepSeek完成500亿元创纪录融资 #deepseek),抖音,科技AI,DeepSeek,66,random
[庆祝][庆祝][庆祝],,[庆祝][庆祝][庆祝] (来源: AI疯狂迭代，具身时代来临！大学到底到底该学什么？ #视频播客扶持计划 #抖来聊聊#AI#具身智能#教育),抖音,科技AI,具身智能,2,random
可是我从小到大作文就是首先其次最后总而言之综上所述这些啊，还是老师要求,,可是我从小到大作文就是首先其次最后总而言之综上所述这些啊，还是老师要求 (来源: deepseek去除文章ai味的指令，为什么我才刷到？ #ai #涨知识 #deepseek #大学生 #职场),抖音,科技AI,DeepSeek,3,random
怎么才算高配,,怎么才算高配 (来源: 鸡哥电脑显卡必调设置！，让你的显卡性能翻倍！ #机械革命 #机械革命售后 #电脑知识 #干货分享 #英伟达),抖音,科技AI,英伟达,0,random
总结：内存太小导致瓶颈较多，一刀砍的精准[捂脸],,总结：内存太小导致瓶颈较多，一刀砍的精准[捂脸] (来源: MacBook Neo全面评测：手机处理器能行吗？ 今年，苹果把iPhone上的A18 Pro处理器塞进了笔记本电脑里，),抖音,科技AI,苹果芯片,69,random
@豆包 有哪些,,@豆包 有哪些 (来源: 黄仁勋6月2号在英伟达GTC大会甩出一张图，全场都疯了💥所有人盯着最闪的AI芯片，但90%的人抄错了答案！真正能让中国人),抖音,科技AI,英伟达,1,random
常规操作 有2.9亿是兜底费用,,常规操作 有2.9亿是兜底费用 (来源: 监测滑坡的设备，自己先滑坡了，3亿北斗现“脆皮底座” #低价中标 #反内卷 #质量价格分级 #优质优价),抖音,科技AI,北斗监测,0,random
"关节上加力传感器通常是1维的。6维是加在末端的。
他们的方案没什么难想的，别人不知道吗？别人为什么不用，是因为这数据跟他们的机器人本体高度绑定，没法不同平台迁移",,"关节上加力传感器通常是1维的。6维是加在末端的。
他们的方案没什么难想的，别人不知道吗？别人为什么不用，是因为这数据跟他们的机器人本体高度绑定，没法不同平台迁移。

重点难道不应该是采集与环境交互的位姿和力吗，这个采集方案把机器人本体的噪声加进来了。除非他们能把本体噪声剔除，不过即使这样也需要迁移数据的本体和他们采样数据的本体同构才有用。反过来如果要求异构迁移，那反而要做很多后处理，费时费力，他的高频优势反而成了劣势。还不如直接用末端力传感器 (来源: 真正的战场，不在机器人。 #机器人 #人形机器人 #灵御智能 #具身智能 #AI新星计划)",抖音,科技AI,具身智能,1,random
阿里就是个卖货的，哪有deepseek的战略眼光和价值观[赞],,阿里就是个卖货的，哪有deepseek的战略眼光和价值观[赞] (来源: DeepSeek梁文锋融资，马云爆冷出局！#Deepseek #梁文锋 #阿里巴巴 #马云),抖音,科技AI,DeepSeek,0,random
发债证明故事快到尽头了,,发债证明故事快到尽头了 (来源: 英伟达巨额发债！手握巨款为何还借钱？ #宏观经济  #理财  #英伟达  #AI),抖音,科技AI,英伟达,0,random
人呀，心呀坏到家了，国家的大工程，还敢这样？？？利害,,人呀，心呀坏到家了，国家的大工程，还敢这样？？？利害 (来源: 这5000套设备，要是继续这么立着，就是5000个隐患摆在那 #山东3亿重点工程现“脆皮底座” #媒体评3亿工程防灾底座),抖音,科技AI,北斗监测,4,random
完美展现了双方充分交换意见这句外交用语,,完美展现了双方充分交换意见这句外交用语 (来源: 特朗普与泽连斯基会面爆发激烈争吵),B站,国际政治,泽连斯基,81879,top_liked
这么好的素材，若是不做成英语听力那也太可惜了,,这么好的素材，若是不做成英语听力那也太可惜了 (来源: 特朗普与泽连斯基会面爆发激烈争吵),B站,国际政治,泽连斯基,69269,top_liked
说是演的不太像，看泽连斯基一开始吵架抱胸就是典型的心里不安和焦虑以及抵触戒备的表现，后面吵了就放松了双臂放下身体前倾不断为自己增加气势，看得出来真的想在语言和动,,说是演的不太像，看泽连斯基一开始吵架抱胸就是典型的心里不安和焦虑以及抵触戒备的表现，后面吵了就放松了双臂放下身体前倾不断为自己增加气势，看得出来真的想在语言和动作上挽回 (来源: 特朗普与泽连斯基会面爆发激烈争吵),B站,国际政治,泽连斯基,44694,top_liked
本以为麻薯和燕三的翻译有一些为了节目效果说的通俗易懂一些，结果他们讨论真就是这样啊[Mygo表情包_让我看看],,本以为麻薯和燕三的翻译有一些为了节目效果说的通俗易懂一些，结果他们讨论真就是这样啊[Mygo表情包_让我看看] (来源: 特朗普与泽连斯基会面爆发激烈争吵),B站,国际政治,泽连斯基,41026,top_liked
有个事实真的不忍心说出来，泽连斯基拍的电视剧就是寡头投资的，而他当选总统后的后台也还是个寡头。记得当初看到这样一句话，选泽连斯基当总统可能是个灾难，但是选寡头当,,有个事实真的不忍心说出来，泽连斯基拍的电视剧就是寡头投资的，而他当选总统后的后台也还是个寡头。记得当初看到这样一句话，选泽连斯基当总统可能是个灾难，但是选寡头当总统肯定是个灾难。 (来源: 我为什么选泽连斯基做我们的总统？),B站,国际政治,泽连斯基,33732,top_liked
果然再高档次的会议，一旦吵起架来还是一样的接地气。,,果然再高档次的会议，一旦吵起架来还是一样的接地气。 (来源: 特朗普与泽连斯基会面爆发激烈争吵),B站,国际政治,泽连斯基,31614,top_liked
"严格来说，俄罗斯和乌克兰关系闹的那么僵，泽连斯基要负主要责任。
当年波罗申科就比较务实，北约对乌克兰不满就去骚扰一下俄罗斯，俄罗斯对乌克兰不满就去骚扰一下北约。",,"严格来说，俄罗斯和乌克兰关系闹的那么僵，泽连斯基要负主要责任。
当年波罗申科就比较务实，北约对乌克兰不满就去骚扰一下俄罗斯，俄罗斯对乌克兰不满就去骚扰一下北约。
泽连斯基完全没明白乌克兰的定位，乌克兰的定位是俄罗斯和北约的缓冲带，但是泽连斯基搞错了。 (来源: 我为什么选泽连斯基做我们的总统？)",B站,国际政治,泽连斯基,30387,top_liked
没看过原视频可能觉得在瞎解说，但要是你看了原视频，你会发现基本就是这样的[笑哭]堪称外交绝唱,,没看过原视频可能觉得在瞎解说，但要是你看了原视频，你会发现基本就是这样的[笑哭]堪称外交绝唱 (来源: 泽连斯基的反抗),B站,国际政治,泽连斯基,30086,top_liked
日本有一个很奇怪的地方，用一个方法做不成的事情，他们的反应是用同样的方法再做一次，执着相信第N次必能成功。,,日本有一个很奇怪的地方，用一个方法做不成的事情，他们的反应是用同样的方法再做一次，执着相信第N次必能成功。 (来源: “现在中国和日本跟断交已经没差别了😅”中美关系下日本想好今后该怎么办了吗？嘴上不要中国但是现实根本做不到（2026年5月),B站,国际政治,日本,27267,top_liked
现在的时政up们真幸福。都不用创作，只要同译就能把效果拉满。创都创不出的桥段，由两位总统级演员直接演出来。,,现在的时政up们真幸福。都不用创作，只要同译就能把效果拉满。创都创不出的桥段，由两位总统级演员直接演出来。 (来源: 泽连斯基的反抗),B站,国际政治,泽连斯基,26713,top_liked
这就是吵架的精髓，不要回答对方的问题，只表达自己的观点，最终还是看实力,,这就是吵架的精髓，不要回答对方的问题，只表达自己的观点，最终还是看实力 (来源: 【足本中字】特朗普 泽连斯基白宫吵架大会),B站,国际政治,泽连斯基,25623,top_liked
关于这次懂王小圣争吵，别的没学到，只学到一样：吵架的精髓在于不听对方说什么，只管自己说就行[辣眼睛],,关于这次懂王小圣争吵，别的没学到，只学到一样：吵架的精髓在于不听对方说什么，只管自己说就行[辣眼睛] (来源: 泽连斯基的反抗),B站,国际政治,泽连斯基,24985,top_liked
"泽：吾有一言。。。
川：不必多言
万斯：说谢谢",,"泽：吾有一言。。。
川：不必多言
万斯：说谢谢 (来源: 泽连斯基的反抗)",B站,国际政治,泽连斯基,24536,top_liked
这是我第一次见到种花家常说的“充分交换意见”的视频版。。。,,这是我第一次见到种花家常说的“充分交换意见”的视频版。。。 (来源: 特朗普与泽连斯基会面爆发激烈争吵),B站,国际政治,泽连斯基,22849,top_liked
专业与业余演员的第一次同台飙戏[喜极而泣][喜极而泣][喜极而泣],,专业与业余演员的第一次同台飙戏[喜极而泣][喜极而泣][喜极而泣] (来源: 特朗普与泽连斯基会面爆发激烈争吵),B站,国际政治,泽连斯基,19949,top_liked
这就是百年未有之大变局的极富冲击感的展示,,这就是百年未有之大变局的极富冲击感的展示 (来源: 【足本中字】特朗普 泽连斯基白宫吵架大会),B站,国际政治,泽连斯基,19743,top_liked
真文明。居然没带脏字,,真文明。居然没带脏字 (来源: 特朗普与泽连斯基会面爆发激烈争吵),B站,国际政治,泽连斯基,18978,top_liked
"泽：可以停火但要保证安全
懂：先停火了再说
万：说谢谢了吗",,"泽：可以停火但要保证安全
懂：先停火了再说
万：说谢谢了吗 (来源: 特朗普与泽连斯基会面爆发激烈争吵)",B站,国际政治,泽连斯基,17511,top_liked
怪不得万斯是副总统呢，这说话都得带一句尊敬的总统先生[笑哭],,怪不得万斯是副总统呢，这说话都得带一句尊敬的总统先生[笑哭] (来源: 特朗普与泽连斯基会面爆发激烈争吵),B站,国际政治,泽连斯基,15077,top_liked
万斯：做人一定要懂得感恩！,,万斯：做人一定要懂得感恩！ (来源: 【足本中字】特朗普 泽连斯基白宫吵架大会),B站,国际政治,泽连斯基,15013,top_liked
我怕你们找不到佛得角，我给你们指出来了，有个坏人用个句号圈，圈了等于白圈[辣眼睛],,我怕你们找不到佛得角，我给你们指出来了，有个坏人用个句号圈，圈了等于白圈[辣眼睛] (来源: 西班牙0-0佛得角：五亿豪门竟被五万身价老门将零封，如何看待西班牙爆冷闷平？),B站,国际政治,伊朗队,204,random
最年轻也是64岁的老爷机了[笑哭]曼巴一点也不奇怪,,最年轻也是64岁的老爷机了[笑哭]曼巴一点也不奇怪 (来源: 突发，爱德华兹空军基地一B-52同温层堡垒轰炸机起飞后不久坠毁),B站,国际政治,B52坠毁,28,random
我感觉鬼子有一个解法，就是抛售所有美债，侵占美国在日资产。如果美国对它反击，直接对美国宣战，以伊朗的情形美国远比中国好打。转头把鬼厕和妖皇献祭，对中俄下跪，或许,,我感觉鬼子有一个解法，就是抛售所有美债，侵占美国在日资产。如果美国对它反击，直接对美国宣战，以伊朗的情形美国远比中国好打。转头把鬼厕和妖皇献祭，对中俄下跪，或许能保住自己。 (来源: 国际局势：6.17日本都破防了！),B站,国际政治,日本,0,random
日本高层明确的知道崩盘的时刻快到了，不如孤注一掷找个机会跟老中干一架。赢了国债是个啥，输了也不用考虑这些了。至于能不能干过老中，那无所谓。反正死的又不是他们，资,,日本高层明确的知道崩盘的时刻快到了，不如孤注一掷找个机会跟老中干一架。赢了国债是个啥，输了也不用考虑这些了。至于能不能干过老中，那无所谓。反正死的又不是他们，资产啥的早就出去了。况且打出了反华牌，美国爸爸即便不下场，退路总得给一条的。 (来源: 溜了：日本加息，国债利息暴增时，央行行长为何病遁？),B站,国际政治,日本,53,random
老美跟阿三和小俄比赛摔飞机，老美赢了[doge],,老美跟阿三和小俄比赛摔飞机，老美赢了[doge] (来源: 美军一架B-52轰炸机坠毁),B站,国际政治,B52坠毁,1,random
[笑哭]日本上层真把底下人当弱智耍啊 全世界都知道日本产业危机 内部居然还在赢赢赢,,[笑哭]日本上层真把底下人当弱智耍啊 全世界都知道日本产业危机 内部居然还在赢赢赢 (来源: 日本已经走出失落的30年了😃！日本股市突破7万点： 一刻都没有犹豫随之而来的是物价暴涨（2026年6月16日报道）),B站,国际政治,日本,593,random
8 名机组成员全部遇难，man 8 out,,8 名机组成员全部遇难，man 8 out (来源: 突发！美国B-52轰炸机坠毁),B站,国际政治,B52坠毁,1250,random
哎 欲言又止 不知道说什么好[酸了],,哎 欲言又止 不知道说什么好[酸了] (来源: 伊朗球员赛后怒斥：这不公平！我们连恢复训练的时间都没有？世界杯最“赶”球队？伊朗2-2新西兰。),B站,国际政治,伊朗队,35,random
退钱哥何胜花了1万多看的墨西哥开幕式，战地记者巢巢花的3万多看的墨西哥开幕式，有钱人还是多啊[笑哭],,退钱哥何胜花了1万多看的墨西哥开幕式，战地记者巢巢花的3万多看的墨西哥开幕式，有钱人还是多啊[笑哭] (来源: 驱逐裁判，持枪抢劫，千万门票，美加墨世界杯的五个历史之最！),B站,国际政治,伊朗队,189,random
当初为什么不向白俄罗斯发动军事行动，这肯定能赢。,,当初为什么不向白俄罗斯发动军事行动，这肯定能赢。 (来源: 卢卡申科就其措辞强硬的言论向泽连斯基道歉：如果弗拉基米尔感到冒犯，我为那些话向他道歉。考虑到他仍处于战争状态，我或许不该),B站,国际政治,泽连斯基,58,random
《从未公开发表》你又如何得知呢[笑哭]小学是不是有篇课文来着,,《从未公开发表》你又如何得知呢[笑哭]小学是不是有篇课文来着 (来源: 被封禁的真相：AV女优每次被迫高潮，内脏会发生什么),B站,国际政治,日本,135,random
"先定个结论 他错了 然后往前找论据 找前提 去证明这个结论 
这TM叫逆向推论  违反基本逻辑  结论和前提 你就只看汉字的字面意思 也应该知道谁在前谁在后",,"先定个结论 他错了 然后往前找论据 找前提 去证明这个结论 
这TM叫逆向推论  违反基本逻辑  结论和前提 你就只看汉字的字面意思 也应该知道谁在前谁在后 (来源: 乌克兰走到今天这个局面到底是不是泽连斯基的错？)",B站,国际政治,泽连斯基,7,random
看来战况真的好转了，泽连斯基公开很少这么高兴过，而且看泽连斯基的气色也比以前好太多了,,看来战况真的好转了，泽连斯基公开很少这么高兴过，而且看泽连斯基的气色也比以前好太多了 (来源: 泽连斯基笑谈致普京“无礼信”：这算什么，你还没见过第一版),B站,国际政治,泽连斯基,85,random
这事情已经不需要再说了，当以色列可以堂而皇之的侵略，但是俄罗斯和白俄罗斯的运动员却承受不公正的遭遇，西方的双标已经被我们知道的，最好的办法就是无视，什么国际比赛,,这事情已经不需要再说了，当以色列可以堂而皇之的侵略，但是俄罗斯和白俄罗斯的运动员却承受不公正的遭遇，西方的双标已经被我们知道的，最好的办法就是无视，什么国际比赛，让他们自己去玩吧，体育为了强健本国人民的身体而不是为了那些虚无的荣誉 (来源: 美国不许伊朗队住在美国，说好的体育不受政治干涉呢？),B站,国际政治,伊朗队,97,random
美国这就有点小气了，完全没有大国的格局[笑哭],,美国这就有点小气了，完全没有大国的格局[笑哭] (来源: 世界杯花边（2）：抗议声中，伊朗队首秀！),B站,国际政治,伊朗队,6,random
现在才知道自己是炮灰，有点晚了[捂脸],,现在才知道自己是炮灰，有点晚了[捂脸] (来源: 乌克兰总统泽连斯基：西方完全放弃了乌克兰。),抖音,国际政治,泽连斯基,550341,top_liked
普京牛逼！敢于单挑整个欧洲和北约[赞][赞][赞],,普京牛逼！敢于单挑整个欧洲和北约[赞][赞][赞] (来源: 乌克兰总统泽连斯基：西方完全放弃了乌克兰。),抖音,国际政治,泽连斯基,396006,top_liked
河南电视台有个节目叫《小莉帮忙》，专门做调解的。,,河南电视台有个节目叫《小莉帮忙》，专门做调解的。 (来源: 特朗普与泽连斯基会面爆发激烈争吵，会晤不欢而散，矿产协议并未签署。（来源：CCTV国际时讯）),抖音,国际政治,泽连斯基,201194,top_liked
听了不该听的话，最后自己承受一切[暗中观察][暗中观察],,听了不该听的话，最后自己承受一切[暗中观察][暗中观察] (来源: 乌克兰总统泽连斯基：西方完全放弃了乌克兰。),抖音,国际政治,泽连斯基,121336,top_liked
他们有个外号叫：逗你玩[呲牙],,他们有个外号叫：逗你玩[呲牙] (来源: 泽连斯基：西方的承诺听了13天，支援在哪儿？),抖音,国际政治,泽连斯基,101250,top_liked
作为一个1300万的博主，饭后打开抖音就看到两位总统在吵架[捂脸],,作为一个1300万的博主，饭后打开抖音就看到两位总统在吵架[捂脸] (来源: 特朗普与泽连斯基会面爆发激烈争吵，会晤不欢而散，矿产协议并未签署。（来源：CCTV国际时讯）),抖音,国际政治,泽连斯基,79101,top_liked
《让你下载国家反诈APP你不听》[尬笑],,《让你下载国家反诈APP你不听》[尬笑] (来源: 泽连斯基：西方的承诺听了13天，支援在哪儿？),抖音,国际政治,泽连斯基,73216,top_liked
好家伙西装都没了,,好家伙西装都没了 (来源: 乌克兰总统泽连斯基：西方完全放弃了乌克兰。),抖音,国际政治,泽连斯基,68202,top_liked
是这里吗，是这里我就进去了,,是这里吗，是这里我就进去了 (来源: 新西兰夯爆了！ #蓝战非 #旅行 #vlog  #交换世界计划 #超会玩派对),抖音,国际政治,新西兰,61718,top_liked
体育不分国界，现在日本就是足球中的亚洲之光,,体育不分国界，现在日本就是足球中的亚洲之光 (来源: 蓝色武士—日本队 冲击历史最佳战绩#足球 #足球的魅力 #日本队 #美加墨世界杯 #蓝衣军团),抖音,国际政治,日本球迷,51112,top_liked
你终于看清现实了[看],,你终于看清现实了[看] (来源: 乌克兰总统泽连斯基：西方完全放弃了乌克兰。),抖音,国际政治,泽连斯基,49689,top_liked
行了行了，这种日子你过够了没，过够了该换我了谢谢,,行了行了，这种日子你过够了没，过够了该换我了谢谢 (来源: 梦想的生活 #新西兰 #vlog日常 #交换世界计划 #放羊日常),抖音,国际政治,新西兰,48169,top_liked
给我个面子，你俩别吵了[比心],,给我个面子，你俩别吵了[比心] (来源: 特朗普与泽连斯基会面爆发激烈争吵，会晤不欢而散，矿产协议并未签署。（来源：CCTV国际时讯）),抖音,国际政治,泽连斯基,43010,top_liked
没办法，日本唯一亚洲队伍，能夺冠那就是证明亚洲人体质算名列前茅的,,没办法，日本唯一亚洲队伍，能夺冠那就是证明亚洲人体质算名列前茅的 (来源: 蓝色武士—日本队 冲击历史最佳战绩#足球 #足球的魅力 #日本队 #美加墨世界杯 #蓝衣军团),抖音,国际政治,日本球迷,34275,top_liked
明白的有点晚了吧[捂脸],,明白的有点晚了吧[捂脸] (来源: 乌克兰总统泽连斯基：西方完全放弃了乌克兰。),抖音,国际政治,泽连斯基,30824,top_liked
冒昧的问一下，中国队为什么不去啊[流泪],,冒昧的问一下，中国队为什么不去啊[流泪] (来源: 太酸了！！！#荷兰vs日本 #美加墨世界杯 #世界杯观赛团 #第一批世界杯观赛团已到达现场 #世界杯在场即上场),抖音,国际政治,日本球迷,30570,top_liked
至少让我们看到了，黄种人也可以做的很好,,至少让我们看到了，黄种人也可以做的很好 (来源: 蓝色武士—日本队 冲击历史最佳战绩#足球 #足球的魅力 #日本队 #美加墨世界杯 #蓝衣军团),抖音,国际政治,日本球迷,28095,top_liked
bro你切记，省钱的前提是有钱可省[流泪],,bro你切记，省钱的前提是有钱可省[流泪] (来源: 新西兰穷游攻略),抖音,国际政治,新西兰,24827,top_liked
一样的素材看四遍了莫名好好笑,,一样的素材看四遍了莫名好好笑 (来源: 不争之地！新西兰一周怎么做到9k！攻略在这！ 😡最近想出国的首选！#超会玩派对 #春日撒野指南 #colorwalk #),抖音,国际政治,新西兰,24359,top_liked
我倒希望你是旅行社，我直接带上我闺蜜报满[宕机],,我倒希望你是旅行社，我直接带上我闺蜜报满[宕机] (来源: 不争之地！新西兰一周怎么做到9k！攻略在这！ 😡最近想出国的首选！#超会玩派对 #春日撒野指南 #colorwalk #),抖音,国际政治,新西兰,23892,top_liked
犹太司机仅凭一已之力，就把欧洲的弹药库清空了。,,犹太司机仅凭一已之力，就把欧洲的弹药库清空了。 (来源: 俄乌战争1000天，俄脱欧入亚！乌军做了哪些中国做不到的事？),抖音,国际政治,泽连斯基,0,random
你怎么知道的？,,你怎么知道的？ (来源: 泽连斯基访美倍受冷落，还被美议员指着鼻子骂，真要被抛弃了?  #俄称西方正讨论更换泽连斯基必要性 #聚v计划 ),抖音,国际政治,泽连斯基,2,random
外星人：不装了，我干的！,,外星人：不装了，我干的！ (来源: 抖音首发丨全球坠机大赛美国胜出？B-52测试机烧成渣重挫升级计划，老爷机升级计划还得再战30年！#零基础看懂全球 #全球),抖音,国际政治,B52坠毁,3,random
世界杯弗兰那脚凌空抽射，动作之标准、舒展绝对是教科书级别的,,世界杯弗兰那脚凌空抽射，动作之标准、舒展绝对是教科书级别的 (来源: 巅峰迭戈弗兰有多猛？大器晚成的初代神锋！ #足球的魅力 #遇见足球 #dou来足球季 #绝杀时刻燃爆全场足球 #名场面),抖音,国际政治,乌拉圭,4,random
这就是格局，苏炳添跑出9.83的时候日本也有很多报道他们也很开心，就和现在一样，这都是属于亚洲的荣誉我们应该高兴才对，我只是一个高中生，我不知道现在的国人怎么了,,这就是格局，苏炳添跑出9.83的时候日本也有很多报道他们也很开心，就和现在一样，这都是属于亚洲的荣誉我们应该高兴才对，我只是一个高中生，我不知道现在的国人怎么了，为什么有相当的一部分非常丑陋。。。 (来源: 握手言和！日本绝平一球迷被荷兰球迷抛起庆祝 #足球 #球迷 #日本队 #世界杯 #美加墨),抖音,国际政治,日本球迷,0,random
55年我们还在用洋火柴，洋丁，基本家家断粮,,55年我们还在用洋火柴，洋丁，基本家家断粮 (来源: B-52战略轰炸机没有被袭击，没有被电磁干扰，只是在美国本土的例行飞行测试训练过程中就突然出事！#睿评国际  #美国军机),抖音,国际政治,B52坠毁,0,random
是个极大隐患，除非一年内结束战争，要是再干3一5年，资金怎么办？,,是个极大隐患，除非一年内结束战争，要是再干3一5年，资金怎么办？ (来源: 泽连斯基高调宣布涨薪｜全球征兵全面启动｜乌克兰开始最后一搏！ #俄乌每日局势 #俄乌形势最新进展 #全球创作者计划  #),抖音,国际政治,泽连斯基,1,random
想去，可惜超龄,,想去，可惜超龄 (来源: 想去新西兰的朋友们快冲啊！低成本的机会来啦！#每天跟我涨知识 #打工度假签证),抖音,国际政治,新西兰,2,random
泽连斯基的政治雄文 [赞],,泽连斯基的政治雄文 [赞] (来源: 一封信的内容。),抖音,国际政治,泽连斯基,239,random
这个行程安排得满满的。[灵机一动],,"这个行程安排得满满的。[灵机一动] (来源: 第一次去新西兰北岛，照这条路线玩就够了‼️ 终于来到心心念念的南半球
#新西兰  
两个女生踏上新西兰自驾一周
新西兰这)",抖音,国际政治,新西兰,0,random
待久了会抑郁吗？,,"待久了会抑郁吗？ (来源: “谁能拒绝没有蛇的新西兰呢” 在新西兰
我终于找回了与生俱来的松弛感
一切都美得像一场不真实的梦
日子变得空空的，没有工)",抖音,国际政治,新西兰,0,random
漂亮国的驾驶员能疲劳驾驶？,,漂亮国的驾驶员能疲劳驾驶？ (来源: 美军B-52战略轰炸机坠毁！“装备老龄化”积弊正在爆发！ ),抖音,国际政治,B52坠毁,0,random
你的意思是牛肉比海参厉害咯？[捂脸][捂脸][大笑][大笑],,你的意思是牛肉比海参厉害咯？[捂脸][捂脸][大笑][大笑] (来源: 南美洲的小国乌拉圭为何足球那么强？它到底是个什么样的国家？ #乌拉圭 #世界杯 #巴西 #阿根廷 #足球),抖音,国际政治,乌拉圭,0,random
说到最后还不是一样抓壮丁[捂脸][捂脸],,说到最后还不是一样抓壮丁[捂脸][捂脸] (来源: 泽连斯基高调宣布涨薪｜全球征兵全面启动｜乌克兰开始最后一搏！ #俄乌每日局势 #俄乌形势最新进展 #全球创作者计划  #),抖音,国际政治,泽连斯基,1,random
超载3人,,超载3人 (来源: 抖音独家|B-52升空瞬间坠毁，8 名机组人员无一生还 #零基础看懂全球  #全球创作者计划  #时代砺剑高燃出列),抖音,国际政治,B52坠毁,0,random
"本合集包含高中数学必修一，必修二，必修三，必修四，必修五（2019年新版必修同样适用），讲解顺序为1-4-5-2-3。
一数辞典讲解基础知识，从零开始也一定看的",,"本合集包含高中数学必修一，必修二，必修三，必修四，必修五（2019年新版必修同样适用），讲解顺序为1-4-5-2-3。
一数辞典讲解基础知识，从零开始也一定看的懂，考点精华涵盖该章节所有主流方法！有了一数，学习数学不再求人[打call]
中间部分视频片头较长，可以跳过，后面均改成了6秒短片头。
由于视频较多，如果某个视频内大家发现了笔误等问题，可以私信UP或者评论留言均可,UP会修改视频确保每节课都没有任何问题！一数粉丝越来越多，谢谢大家的支持与喜爱[热词系列_奥力给] (来源: 高中数学基础与解法全集（涵盖所有）|长期更新|从零开始拯救所有学渣！2025年新视频持续更新中！|涵盖新教材必修一必修二)",B站,社会民生,高考,163059,top_liked
全国大学生考试周唯一指定观看视频,,全国大学生考试周唯一指定观看视频 (来源: 【考试周破防】4K高清重制版),B站,社会民生,高考,153163,top_liked
在所有人都在炫耀成绩的时候，感谢up想起我们失败的人，我真的好想哭，感觉有人关注我们这些失败群体,,在所有人都在炫耀成绩的时候，感谢up想起我们失败的人，我真的好想哭，感觉有人关注我们这些失败群体 (来源: 别难过啦，没事我考的比你还惨),B站,社会民生,高考,107152,top_liked
"很多人都把数学妖魔化了，这其实有一个误区。
妖魔并没有这么可怕。",,"很多人都把数学妖魔化了，这其实有一个误区。
妖魔并没有这么可怕。 (来源: 锐评2026年数学高考，我雷霆大怒)",B站,社会民生,高考,103728,top_liked
我记得我刚关注一哥的时候才六百多粉 现在都四千多 看着一哥一点一点变强（秃  特开心[tv_doge][tv_腼腆],,我记得我刚关注一哥的时候才六百多粉 现在都四千多 看着一哥一点一点变强（秃  特开心[tv_doge][tv_腼腆] (来源: 高中数学基础与解法全集（涵盖所有）|长期更新|从零开始拯救所有学渣！2025年新视频持续更新中！|涵盖新教材必修一必修二),B站,社会民生,高考,99083,top_liked
每次看一数  都要把第一个视频看一遍 [笑哭] 数学变成热情的小哈～～,,每次看一数  都要把第一个视频看一遍 [笑哭] 数学变成热情的小哈～～ (来源: 高中数学基础与解法全集（涵盖所有）|长期更新|从零开始拯救所有学渣！2025年新视频持续更新中！|涵盖新教材必修一必修二),B站,社会民生,高考,86860,top_liked
"谢谢你。我从出成绩到现在都没哭。
但在up说“你已经很棒了”的那一刻
泪就止不住了。
你是今天第一个这样夸我的。",,"谢谢你。我从出成绩到现在都没哭。
但在up说“你已经很棒了”的那一刻
泪就止不住了。
你是今天第一个这样夸我的。 (来源: 别难过啦，没事我考的比你还惨)",B站,社会民生,高考,81418,top_liked
你宁可看这个都不愿意去复习是吗,,你宁可看这个都不愿意去复习是吗 (来源: 【考试周破防】4K高清重制版),B站,社会民生,高考,78499,top_liked
太怀念了，作为当时北理工的辅导员，那年夏天到办公室后大家争相传阅赵向前同学的佳作。,,太怀念了，作为当时北理工的辅导员，那年夏天到办公室后大家争相传阅赵向前同学的佳作。 (来源: 【考试周破防】4K高清重制版),B站,社会民生,高考,67231,top_liked
现在大家可能觉得全世界人都考好了除了自己。但是一直是这样，只有那些600几的在发声，沉默的是大多数没有考好的人，非985211的本科生一直是大多数，只是从来不该,,现在大家可能觉得全世界人都考好了除了自己。但是一直是这样，只有那些600几的在发声，沉默的是大多数没有考好的人，非985211的本科生一直是大多数，只是从来不该我们发声，所以这才是常态。没有考到理想分数的你不是失败，只是常态，你只是不是特例而已，算什么失败。 (来源: 别难过啦，没事我考的比你还惨),B站,社会民生,高考,57565,top_liked
如果如愿以偿太难的话 那就祝各位平安喜乐。,,如果如愿以偿太难的话 那就祝各位平安喜乐。 (来源: 别难过啦，没事我考的比你还惨),B站,社会民生,高考,48636,top_liked
说的很对，只有在大学里真的见过了北京的同学才明白，大城市的中学卷的是全面发展，搞各种活动、给学生充分的自由时间让学生接触各种不同的东西拓宽眼界，相比衡水模式培养,,说的很对，只有在大学里真的见过了北京的同学才明白，大城市的中学卷的是全面发展，搞各种活动、给学生充分的自由时间让学生接触各种不同的东西拓宽眼界，相比衡水模式培养出来的只会做题的“做题家”综合素质真的高太多。 (来源: 高考全省前1%，爸妈吵了5天，觉得“孩子毁了”),B站,社会民生,高考,48124,top_liked
"A:我爸给我报了最贵的补习班。
B:我有一数
A：我爸给我买了黄冈密卷
B：我有一数
A：你还会说点别的不？
B：一数在手，高分我有
B：........我也要",,"A:我爸给我报了最贵的补习班。
B:我有一数
A：我爸给我买了黄冈密卷
B：我有一数
A：你还会说点别的不？
B：一数在手，高分我有
B：........我也要去关注[doge][doge][doge][热词系列_爱了爱了]关注一数才一小段时间，已经把上网课听不懂落下的数学补上去了[doge]欧耶，我爱一数[吃瓜][滑稽][滑稽] (来源: 高中数学基础与解法全集（涵盖所有）|长期更新|从零开始拯救所有学渣！2025年新视频持续更新中！|涵盖新教材必修一必修二)",B站,社会民生,高考,45295,top_liked
别的不说，我从这女的脸上看不到一丝自责，她完全不觉得是自己的错。就纯粹的，只是在抱怨结果，也许她后悔了，但那也只是因为她儿子出来以后没变成她想要的样子。而不是为,,别的不说，我从这女的脸上看不到一丝自责，她完全不觉得是自己的错。就纯粹的，只是在抱怨结果，也许她后悔了，但那也只是因为她儿子出来以后没变成她想要的样子。而不是为自己对儿子的伤害感到愧疚 (来源: 母亲为让儿子戒网瘾，送他去特殊学校，不料儿子出来后却让她后悔),B站,社会民生,特训学校,40984,top_liked
以后不会每次期末都会看到他吧？经典永流传了[微笑],,以后不会每次期末都会看到他吧？经典永流传了[微笑] (来源: 【考试周破防】4K高清重制版),B站,社会民生,高考,40740,top_liked
"在你犹不犹豫要不要做的时候，别的兄弟已经又肝了一大部分题了[藏狐]
别往下翻了，说的就是你[藏狐]",,"在你犹不犹豫要不要做的时候，别的兄弟已经又肝了一大部分题了[藏狐]
别往下翻了，说的就是你[藏狐] (来源: 高中生，看完就有力气卷了)",B站,社会民生,高考,40559,top_liked
出分前看不起的学校出分后发现自己根本高攀不起，呵呵，最后录取的学校也是报考的时候才知道的[无语][无语],,出分前看不起的学校出分后发现自己根本高攀不起，呵呵，最后录取的学校也是报考的时候才知道的[无语][无语] (来源: 别难过啦，没事我考的比你还惨),B站,社会民生,高考,39861,top_liked
"人家至少知道自己哪里没看
不像我现在在开天辟地[灵魂出窍]",,"人家至少知道自己哪里没看
不像我现在在开天辟地[灵魂出窍] (来源: 【考试周破防】4K高清重制版)",B站,社会民生,高考,39230,top_liked
你越纯粹 你越高效,,你越纯粹 你越高效 (来源: 高中生，看完就有力气卷了),B站,社会民生,高考,39060,top_liked
"22年高考是我听过的最难数学试卷
26年高考是我见过的最难数学试卷[笑哭]",,"22年高考是我听过的最难数学试卷
26年高考是我见过的最难数学试卷[笑哭] (来源: 锐评2026年数学高考，我雷霆大怒)",B站,社会民生,高考,38798,top_liked
我从没见过我爸哭的样子。爷爷确诊癌症晚期后不久，我刚放学回家，发现家里人包括在外地圣生活的姨妈都到了家里，我爸说准备趁爷爷还在的时候再拍一张全家福，还没说完，我,,我从没见过我爸哭的样子。爷爷确诊癌症晚期后不久，我刚放学回家，发现家里人包括在外地圣生活的姨妈都到了家里，我爸说准备趁爷爷还在的时候再拍一张全家福，还没说完，我爸便靠在我的肩上无声的哭了，那时候我看见厨房里的二姨装过了身去，那时候我才发现爸爸只够得着我的肩，那一刻我好似神游，忘了去抱抱他。不知过了多久，好似只有几秒，他转身回到厨房，继续为这许久不得的团圆做菜。但从始至终我都没有看见我爸哭的样子。 (来源: 哪个瞬间让你突然意识到父亲老了？),B站,社会民生,父亲节,13,random
我买过一个也不贵，七八十块钱。就是爸爸生日那天的报纸，好家伙拿着嗷嗷哭,,我买过一个也不贵，七八十块钱。就是爸爸生日那天的报纸，好家伙拿着嗷嗷哭 (来源: 618买买买👨‍👧令尊超想收到的礼物清单🧾),B站,社会民生,父亲节,211,random
文案ai味儿太重了,,文案ai味儿太重了 (来源: 高考背后的“隐形巨型系统”：一场千万人参与的“国家级精密运维”【大国之治·高考运行系统】),B站,社会民生,高考,13,random
好消息：韦神来附身了      坏消息：附的是试卷的身,,好消息：韦神来附身了      坏消息：附的是试卷的身 (来源: 2026新一卷数学！难出天际？？？！),B站,社会民生,高考,112,random
大学没白念，虽然学习速度下降了，但视野增长速度拉满了。别太苛责自己。,,大学没白念，虽然学习速度下降了，但视野增长速度拉满了。别太苛责自己。 (来源: 高考全省前1%，爸妈吵了5天，觉得“孩子毁了”),B站,社会民生,高考,3939,random
全国范围爆出大量戒网瘾机构的非法拘禁，非法剥夺人身自由权，人格尊严权，性侵，致人死亡案件。时至今日。大量证据在b站有视频，请同志们引起警惕。及时上报最高中央机构,,"全国范围爆出大量戒网瘾机构的非法拘禁，非法剥夺人身自由权，人格尊严权，性侵，致人死亡案件。时至今日。大量证据在b站有视频，请同志们引起警惕。及时上报最高中央机构网站，因为涉及大量跨省市同类型案件，个人认为，好不夸张的说。其恶劣程度已经与日本731、非洲查尔斯泰勒、缅北园区相差无几，严重损害未成年人权益。
        个人建议，针对该事件及相关类似事件从快从重惩治贪污腐败黑恶犯罪势力。并对全国范围内进行普遍性且客观有效的普法教育、家庭教育、男女双方性教育。明确对于父母一方或双方不尽抚养子女义务、男女双方不考虑子女后果自行进行性行为的相关严格法律条文。
       对于全国公民进行严肃三观道 (来源: 连教官都不怕，这已经不是普通的学员了，必须出重拳！！)",B站,社会民生,特训学校,352,random
我记得是一两年前还是多久的事了，我兄弟他跟我吐槽他女朋友清明节都要礼物[笑哭][笑哭][笑哭],,我记得是一两年前还是多久的事了，我兄弟他跟我吐槽他女朋友清明节都要礼物[笑哭][笑哭][笑哭] (来源: 大型记录片《父亲节要礼物》为您播出),B站,社会民生,父亲节,98,random
咒术回战真的是神了，不管什么事都可以做二创[笑哭],,咒术回战真的是神了，不管什么事都可以做二创[笑哭] (来源: 《高考回战》合集),B站,社会民生,高考,644,random
看到UP主的视频，真的是感动[委屈]我觉得UP主十分勇敢，特别是目标从未变过，我是二七届广东高考生，我的目标是广州大学遥感专业.我这个人抗压能力不是很好，也很容,,看到UP主的视频，真的是感动[委屈]我觉得UP主十分勇敢，特别是目标从未变过，我是二七届广东高考生，我的目标是广州大学遥感专业.我这个人抗压能力不是很好，也很容易紧张，平时也经常哭，害怕自己失败[笑哭] (来源: 高三纪念|来听一听我和那所拼尽全力还是没考上的学校吧),B站,社会民生,高考,64,random
tmd我还没考完[笑哭],,tmd我还没考完[笑哭] (来源: 2026考生的回忆杀已就位),B站,社会民生,高考,8,random
这种抱法不是故意的都不信好吧，女孩回来后变女人了,,这种抱法不是故意的都不信好吧，女孩回来后变女人了 (来源: 戒网瘾教官带走极品颜值女孩，嘴都笑的合不拢【逆天戒网瘾学校】),B站,社会民生,特训学校,15,random
终身学习是必备的能力,,终身学习是必备的能力 (来源: 等高考出分的这段时间，该怎么度过？？？),B站,社会民生,高考,7,random
刚查完，是高中三年最差的一次，各种意义上的最差，之前一直考虑的是211，想过考差，所以选了个保底的双非，（想的是如果只有五百八九十就去这个学校选好专业），结果成,,刚查完，是高中三年最差的一次，各种意义上的最差，之前一直考虑的是211，想过考差，所以选了个保底的双非，（想的是如果只有五百八九十就去这个学校选好专业），结果成绩出来后可能连这个保底的双非也上不了了，嗯嗯…很难受。我可以很自信的承认我高中很努力，但事实就是最差的一次给了高考，现在甚至不知道选什么学校专业好，有点迷茫，之前差不多的同学都上600了，反正我也不信网上的心灵鸡汤，只能说我相信高考不会一锤定音，大不了大学付出更多的努力，也许本人可能在985或以上大神的眼中是个小趴菜，但是考试的失误真的很难避免，但不管怎么说三年努力对我或者看到这条评论的高三毕业生来说都是值得的欢呼的，所以不管考的怎么样 (来源: 高考失利真的没关系吗？我也不想睁眼说瞎话……),B站,社会民生,高考,423,random
不是 長這麼高大 力氣還比不過一個老頭嗎？[笑哭],,不是 長這麼高大 力氣還比不過一個老頭嗎？[笑哭] (来源: 被继父强X，狂洗澡还割腕自鲨，小苦瓜人生),B站,社会民生,男童被砸,65,random
"本期【茶叶礼盒】推荐清单
【150元以内推荐】
 https://b23.tv/mall-GdQjgj03R-18C8oRYr39k 
 https://b23",,"本期【茶叶礼盒】推荐清单
【150元以内推荐】
 https://b23.tv/mall-GdQjgj03R-18C8oRYr39k 
 https://b23.tv/mall-GdQjgj03R-10Flo41wGGW 
 https://b23.tv/mall-GdQjgj03R-18HBOvc9Dt2 
 https://b23.tv/mall-GdQjgj03R-13RFItHmiZc 
 https://b23.tv/mall-GdQjgj03R-13RFGt01Svg 
 https://b23.tv/mall-GdQjgj03R-13RFEhWp3vU 
 https://b23 (来源: 【2026年父亲节茶叶礼盒推荐】35款万字大横评！全程无广！建议收藏！618茶叶礼盒！全价位段，张一元/西湖狮井/第一江)",B站,社会民生,父亲节,0,random
十年前的票，今天都还记得价格,,十年前的票，今天都还记得价格 (来源: 假如回到十年前，我会对自己说： #退钱 #退钱哥),抖音,社会民生,退钱哥,330113,top_liked
4倍票，怪不得要退钱[呲牙],,4倍票，怪不得要退钱[呲牙] (来源: 假如回到十年前，我会对自己说： #退钱 #退钱哥),抖音,社会民生,退钱哥,281484,top_liked
父爱像巧克力，人吃了感觉甜甜的狗吃了会死,,父爱像巧克力，人吃了感觉甜甜的狗吃了会死 (来源: 父爱是伟大的#父亲节快乐  #父亲节),抖音,社会民生,父亲节,153782,top_liked
Vibe圈传来噩耗[钱],,Vibe圈传来噩耗[钱] (来源: #真实生活分享计划 #青少年特训学校 #热门),抖音,社会民生,特训学校,140269,top_liked
退钱哥，关公绕后，催命书生，别真笑死我了[捂脸][捂脸][捂脸],,退钱哥，关公绕后，催命书生，别真笑死我了[捂脸][捂脸][捂脸] (来源: 十年前，那个刚毕业实习的女孩，求你别把话筒递出去！ #退钱 #星际穿越 #回到过去的自己),抖音,社会民生,退钱哥,101174,top_liked
这哥们爱是真爱 有钱也是真有钱,,这哥们爱是真爱 有钱也是真有钱 (来源: 爱之深，责之切说的就是退钱哥吧#国足 #u23亚洲杯 #足球 #退钱哥),抖音,社会民生,退钱哥,70701,top_liked
退钱哥 什么身份 每次国足都有他[捂脸],,退钱哥 什么身份 每次国足都有他[捂脸] (来源: 国足迎来世预赛开门红，“退钱哥”何胜和现场球迷激动庆祝这来之不易的胜利。),抖音,社会民生,退钱哥,70117,top_liked
退钱哥是真有钱，满世界跑看球[看],,退钱哥是真有钱，满世界跑看球[看] (来源: 其实退钱哥就是无数中国球迷的化身 爱是真爱 骂也是真骂 有恨铁不成钢的失望与无奈 也有赢球后发自肺腑的喜悦 不变的永远是),抖音,社会民生,退钱哥,65826,top_liked
vibe最严厉的父亲,,vibe最严厉的父亲 (来源: #真实生活分享计划 #青少年特训学校 #热门),抖音,社会民生,特训学校,61780,top_liked
哦，孩子，你渴望力量吗[憨笑],,"哦，孩子，你渴望力量吗[憨笑] (来源: 讲述戒网瘾学校经历
#戒网瘾 #戒网瘾学校 #成功逃离)",抖音,社会民生,特训学校,58619,top_liked
我这种天生犟种估计会被打死,,我这种天生犟种估计会被打死 (来源: 被关进“叛逆”孩子特训学校是种什么体验 #剧情 #一人分饰多角 #真实还原 #内容过于真实 #女性智慧),抖音,社会民生,特训学校,58547,top_liked
口口声声说退钱 却默默的给新疆小球员捐钱 自己没做任何宣传 退钱哥真男人[流泪],,口口声声说退钱 却默默的给新疆小球员捐钱 自己没做任何宣传 退钱哥真男人[流泪] (来源: 其实退钱哥就是无数中国球迷的化身 爱是真爱 骂也是真骂 有恨铁不成钢的失望与无奈 也有赢球后发自肺腑的喜悦 不变的永远是),抖音,社会民生,退钱哥,51893,top_liked
退钱哥场场不落，早已财务自由[泪奔],,退钱哥场场不落，早已财务自由[泪奔] (来源: 国足迎来世预赛开门红，“退钱哥”何胜和现场球迷激动庆祝这来之不易的胜利。),抖音,社会民生,退钱哥,51031,top_liked
海澜之家比全中国父亲更期待父亲节,,海澜之家比全中国父亲更期待父亲节 (来源: 长大后学会的第一件事就是爱自己的父母 现在终于做到了 #海澜之家 #父亲节 #父爱如山 #父爱无言却厚重如山 #短袖t恤),抖音,社会民生,父亲节,49452,top_liked
谁能告诉我退钱哥做啥的，哪国比赛他都会去 ，我也想他一样这么潇洒就好了[泪奔][泪奔][泪奔],,谁能告诉我退钱哥做啥的，哪国比赛他都会去 ，我也想他一样这么潇洒就好了[泪奔][泪奔][泪奔] (来源: 国足迎来世预赛开门红，“退钱哥”何胜和现场球迷激动庆祝这来之不易的胜利。),抖音,社会民生,退钱哥,40076,top_liked
十年后记者,,十年后记者 (来源: 假如回到十年前，我会对自己说： #退钱 #退钱哥),抖音,社会民生,退钱哥,39798,top_liked
李铁是我唯一一个见过从CCTV5走到CCTV12，然后又走到CCTV1的男人！[尬笑][尬笑][尬笑],,李铁是我唯一一个见过从CCTV5走到CCTV12，然后又走到CCTV1的男人！[尬笑][尬笑][尬笑] (来源: 退钱哥看国足反腐纪录片后发声：没想到这么黑暗，觉得无比恶心，那些年的眼泪白流了),抖音,社会民生,退钱哥,38868,top_liked
我给我爸发的一个关于戒网瘾学校的视频[愉快],,我给我爸发的一个关于戒网瘾学校的视频[愉快] (来源: ⚡【意志：给我活下去！】速通戒网瘾学校2.0⚡ #戒网瘾学校 #特训学校 #反杀 #是枫书啊),抖音,社会民生,特训学校,36208,top_liked
"论刚毕业的实习生第一次采访贡献了国足无法超越的经典名场面[九转大肠][九转大肠]
《退钱哥 》《夺命书生》《已经结束了 》《太失望了 我敲 》《国足牛逼》 姐 ",,"论刚毕业的实习生第一次采访贡献了国足无法超越的经典名场面[九转大肠][九转大肠]
《退钱哥 》《夺命书生》《已经结束了 》《太失望了 我敲 》《国足牛逼》 姐 你咋就这么厉害呢 (来源: 十年前，那个刚毕业实习的女孩，求你别把话筒递出去！ #退钱 #星际穿越 #回到过去的自己)",抖音,社会民生,退钱哥,35924,top_liked
玩梗归玩梗 读大学的时候经常跟胜哥踢球 胜哥人真的超级好[流泪],,玩梗归玩梗 读大学的时候经常跟胜哥踢球 胜哥人真的超级好[流泪] (来源: 假如回到十年前，我会对自己说： #退钱 #退钱哥),抖音,社会民生,退钱哥,33890,top_liked
过来人的经验告诉你们，报志愿的时候一定要了解有哪些专业，自己想学的专业就业情况，还要把学校的位置，宿舍环境。都要参考一下，不然真的会后悔，只有亲身经历才有感觉，,,"过来人的经验告诉你们，报志愿的时候一定要了解有哪些专业，自己想学的专业就业情况，还要把学校的位置，宿舍环境。都要参考一下，不然真的会后悔，只有亲身经历才有感觉，
志愿填报指南 宿舍环境表 一分一段表
我可以一个一个发，学姐真的发，不是托 (来源: 你的高考成绩已送达#预言你的高考成绩 #高考多考100分 #2026高考#2026高考)",抖音,社会民生,高考,1,random
三十年前孩子去游戏厅就是学坏，二十五年前去网吧就是学坏。当每家都有电脑的时候，看爹妈比孩子偷菜还上瘾。在他们认知以外的就是错，当一个孩子出现问题的时候，他爸妈比,,三十年前孩子去游戏厅就是学坏，二十五年前去网吧就是学坏。当每家都有电脑的时候，看爹妈比孩子偷菜还上瘾。在他们认知以外的就是错，当一个孩子出现问题的时候，他爸妈比他问题更严重。 (来源: 21岁男子称因熬夜 玩手机，被父母瞒着签约特训学校 遭强行捆绑带走并封闭管控，协议显示服务期限为6个月 费用3万元#特训),抖音,社会民生,特训学校,0,random
看得出来，退钱哥真的很在乎国足,,看得出来，退钱哥真的很在乎国足 (来源: 《退  钱  往  事》 #退钱哥 #足球 #国足 #抽象),抖音,社会民生,退钱哥,7,random
看着非常不错值得推荐[赞][赞][赞],,看着非常不错值得推荐[赞][赞][赞] (来源: 我老板有病，我发现能把学校开起来的老板，都有病！ #零基础学化妆 #武汉化妆学校 #化妆培训学校推荐 #新娘跟妆 #学化),抖音,社会民生,特训学校,9,random
你好 我是敦煌酒店的前台 ，说说今天的感受吧 ，我快忙疯了 [笑哭][笑哭][笑哭]，下午上班还想着 哎呀 今天没满房 结果地震过后 手机库库响一看哇 二三十间,,"你好 我是敦煌酒店的前台 ，说说今天的感受吧 ，我快忙疯了 [笑哭][笑哭][笑哭]，下午上班还想着 哎呀 今天没满房 结果地震过后 手机库库响一看哇 二三十间 [笑哭][笑哭][笑哭] (来源: 亲历海西地震 今天我们原定上午水上雅丹 下午玩翡翠湖
因为下雨 我们在纠结要不要去翡翠湖
后面的小姐姐搜了天气明天90%)",抖音,社会民生,海西地震,0,random
这记者都懵逼了,,这记者都懵逼了 (来源: 国足让我又想起了退钱哥),抖音,社会民生,退钱哥,0,random
非法拘禁成年人[黑脸],,非法拘禁成年人[黑脸] (来源: 21岁小伙因爱玩手机、熬夜，被父母私下签约特训学校， “被三个人上门捆住手脚 跨省绑走”，强制封闭管控整整8天，目前警方),抖音,社会民生,特训学校,6,random
愿你们平安,,愿你们平安 (来源: 【#青海海西州直辖区今日发生地震 】中国地震台网正式测定：6月16日17时06分，在青海海西州直辖区，北纬37.80度，),抖音,社会民生,海西地震,1,random
老师，我想问一下，人人都坐在办公室里面，苦力活谁来做[捂脸][捂脸][捂脸],,老师，我想问一下，人人都坐在办公室里面，苦力活谁来做[捂脸][捂脸][捂脸] (来源: 千万不要在上学的年纪，总想着打工有多自在，打工的苦是没完没了的#家长必读 #父母必看系列 #孩子教育 #素质教育 #青少),抖音,社会民生,特训学校,434,random
退钱哥刀子嘴豆腐心，从不缺席国足的每一场比赛[奋斗][奋斗][奋斗][赞][赞][赞],,退钱哥刀子嘴豆腐心，从不缺席国足的每一场比赛[奋斗][奋斗][奋斗][赞][赞][赞] (来源: 恨铁不成钢的退钱哥终于迎来了这一天，我命由我不由天！《退钱哥传奇》为您播出#退钱哥 #足球 #国足),抖音,社会民生,退钱哥,24,random
广东有吗,,广东有吗 (来源: 全国十大最好的叛逆学校排名 列举了全国范围内的叛逆学校排名 可以看看，供各位家长参考。#全国十大最好的叛逆学校排名 #全),抖音,社会民生,特训学校,12,random
那必定要定一个航班啊，忍了很久了[呲牙],,那必定要定一个航班啊，忍了很久了[呲牙] (来源: 高考结束别乱庆祝！7 个关键节点盯紧 #高考倒计时  #高三家长必看  #家长必读  #家长收藏孩子受益 #志愿填报),抖音,社会民生,高考,6,random
和平年代的守护神[赞],,和平年代的守护神[赞] (来源: #青海海西地震武警官兵紧急驰援 （记者：牛钟伟 郭紫阳 杨浩 剪辑：刘劲鹰）),抖音,社会民生,海西地震,0,random
关键还有孕吐反应超大，感觉快死了的感觉，这个真的别人无法感同深受，得有多大的决心和忍耐，每天都是数着时间一直到4个多月才慢慢好些，所以前期基本一斤没有长胖反而廋,,关键还有孕吐反应超大，感觉快死了的感觉，这个真的别人无法感同深受，得有多大的决心和忍耐，每天都是数着时间一直到4个多月才慢慢好些，所以前期基本一斤没有长胖反而廋了，后面有开始猛长，身材严重变形 (来源: 当孩子绑上西瓜体验妈妈的孕晚期！#妈妈辛苦了 #体验式教育  #军事化管理学校 #家长必读),抖音,社会民生,特训学校,2,random
令他驻足的不是金钱权力美女，而是一个唐氏综合征的男孩。,,令他驻足的不是金钱权力美女，而是一个唐氏综合征的男孩。 (来源: “从放羊娃到国家队队长，37岁的他全场打满120分钟！”),B站,体育电竞,莫德里奇,111790,top_liked
"up主应该加一段，18年回国，克罗地亚以空军护航，水门迎接他们的英雄。

四百万人的小国，能走到四强真的很不容易。虽败犹荣，无可指责。",,"up主应该加一段，18年回国，克罗地亚以空军护航，水门迎接他们的英雄。

四百万人的小国，能走到四强真的很不容易。虽败犹荣，无可指责。 (来源: “从放羊娃到国家队队长，37岁的他全场打满120分钟！”)",B站,体育电竞,莫德里奇,43730,top_liked
"“卢卡，我不是要采访你”
“不，我没有时间”
“拜托了，是关于那个唐氏综合征男孩的”
“他在哪呢？”",,"“卢卡，我不是要采访你”
“不，我没有时间”
“拜托了，是关于那个唐氏综合征男孩的”
“他在哪呢？” (来源: “从放羊娃到国家队队长，37岁的他全场打满120分钟！”)",B站,体育电竞,莫德里奇,41985,top_liked
尽力了，虽然抱憾输掉半决赛，但依然是值得尊重的球队和伟大的中场队员,,尽力了，虽然抱憾输掉半决赛，但依然是值得尊重的球队和伟大的中场队员 (来源: “从放羊娃到国家队队长，37岁的他全场打满120分钟！”),B站,体育电竞,莫德里奇,33743,top_liked
魔笛，真心希望你这次能捧起大力神杯，为你的国家队生涯划上圆满的句号,,魔笛，真心希望你这次能捧起大力神杯，为你的国家队生涯划上圆满的句号 (来源: “从放羊娃到国家队队长，37岁的他全场打满120分钟！”),B站,体育电竞,莫德里奇,25430,top_liked
他不只是放羊娃他经历了国家动荡，爷爷惨死父亲被迫参军流离失所在平民窟里踢球被教练看中，家里第一栋房是他用十年合同赢来的，足球改变了他的生命，他的经历的狂风造就他,,他不只是放羊娃他经历了国家动荡，爷爷惨死父亲被迫参军流离失所在平民窟里踢球被教练看中，家里第一栋房是他用十年合同赢来的，足球改变了他的生命，他的经历的狂风造就他充满韧性的沃土，他就是克罗地亚的光芒 (来源: “从放羊娃到国家队队长，37岁的他全场打满120分钟！”),B站,体育电竞,莫德里奇,24740,top_liked
rookie是中单，玩的是意识，乌兹是2v2，打的是配合，姿态是姿态，打不过很正常,,rookie是中单，玩的是意识，乌兹是2v2，打的是配合，姿态是姿态，打不过很正常 (来源: TheShy除“三害”),B站,体育电竞,TheShy,15279,top_liked
克罗地亚400万人口，就可以拿亚军，今年又闯入四强。亚洲有一个国家十几亿人口，却连世界杯都进不了，说出来都为印度感到羞愧[吃瓜],,克罗地亚400万人口，就可以拿亚军，今年又闯入四强。亚洲有一个国家十几亿人口，却连世界杯都进不了，说出来都为印度感到羞愧[吃瓜] (来源: 以一己之力，让我们认识了一个国家！),B站,体育电竞,莫德里奇,14235,top_liked
三吉星16连败[doge],,三吉星16连败[doge] (来源: TheShy除“三害”),B站,体育电竞,TheShy,12757,top_liked
"今年世界杯不论谁夺冠都是精彩的故事[藏狐]
法国卫冕成功
梅老板圆梦冠军
克罗地亚坚韧冠军
摩洛哥最黑的马",,"今年世界杯不论谁夺冠都是精彩的故事[藏狐]
法国卫冕成功
梅老板圆梦冠军
克罗地亚坚韧冠军
摩洛哥最黑的马 (来源: 以一己之力，让我们认识了一个国家！)",B站,体育电竞,莫德里奇,12746,top_liked
"姜现在说话太有水平了[笑哭]
：他是rookie，小兵不打他，我怎么赢啊。",,"姜现在说话太有水平了[笑哭]
：他是rookie，小兵不打他，我怎么赢啊。 (来源: TheShy除“三害”)",B站,体育电竞,TheShy,11926,top_liked
相比梅罗我更喜欢莫德里奇，相比于获得的荣誉，我更看到的是他是赛场上最有拼劲的球员，就像是普通成功人的一生，拼搏一辈子，也到不了顶点，但是浑身都透露着一股拼劲，这,,相比梅罗我更喜欢莫德里奇，相比于获得的荣誉，我更看到的是他是赛场上最有拼劲的球员，就像是普通成功人的一生，拼搏一辈子，也到不了顶点，但是浑身都透露着一股拼劲，这届世界杯我看到一个37岁的足球运动员跑了90分钟全场，真的是不可思议，以后或许有很多个如梅罗一般的球员，但是很难有第二个莫德里奇了 (来源: “从放羊娃到国家队队长，37岁的他全场打满120分钟！”),B站,体育电竞,莫德里奇,11524,top_liked
"“当阳光亲吻他的沃土
当狂风吹刮他的橡树
当天堂召走他的所爱
他的心 仍为克罗地亚打着节拍”",,"“当阳光亲吻他的沃土
当狂风吹刮他的橡树
当天堂召走他的所爱
他的心 仍为克罗地亚打着节拍” (来源: “从放羊娃到国家队队长，37岁的他全场打满120分钟！”)",B站,体育电竞,莫德里奇,11130,top_liked
虽然不看足球，但是20年高考莫德里奇的经历和精神（看的素材书）被我写进高考语文作文，帮我考了123的高分，一辈子的语文最高分！感谢他！[抱拳],,虽然不看足球，但是20年高考莫德里奇的经历和精神（看的素材书）被我写进高考语文作文，帮我考了123的高分，一辈子的语文最高分！感谢他！[抱拳] (来源: “从放羊娃到国家队队长，37岁的他全场打满120分钟！”),B站,体育电竞,莫德里奇,10885,top_liked
一直奇怪为什么魔笛37了还能全场跑动体力如此充沛，朋友说他小时候家里穷放羊的，我想了想，放牛的重八打了一辈子仗也活了七八十，有点东西[微笑],,一直奇怪为什么魔笛37了还能全场跑动体力如此充沛，朋友说他小时候家里穷放羊的，我想了想，放牛的重八打了一辈子仗也活了七八十，有点东西[微笑] (来源: 以一己之力，让我们认识了一个国家！),B站,体育电竞,莫德里奇,10659,top_liked
今天晚上两位英雄终有一人迎来黄昏，虽然残酷，但是这种血色的浪漫才是人类最高的理想！,,今天晚上两位英雄终有一人迎来黄昏，虽然残酷，但是这种血色的浪漫才是人类最高的理想！ (来源: “从放羊娃到国家队队长，37岁的他全场打满120分钟！”),B站,体育电竞,莫德里奇,9282,top_liked
生化模式回归了说是,,生化模式回归了说是 (来源: 欢迎回家，iG.TheShy),B站,体育电竞,TheShy,8334,top_liked
"solo
第1局-赢 theshy兰博 对 rookie永恩
第2局-赢 theshy剑魔 对 uzi剑姬
第3局-赢-经典复刻1,theshy吸血鬼 对 姿态",,"solo
第1局-赢 theshy兰博 对 rookie永恩
第2局-赢 theshy剑魔 对 uzi剑姬
第3局-赢-经典复刻1,theshy吸血鬼 对 姿态瑞兹
第4局-赢-经典复刻2,theshy剑姬 对 姿态船长(感觉有人要红了)
第5局-赢-经典复刻3,theshy吸血鬼 对 姿态瑞兹(瑞兹申请重新挑战，接着寄)
第6局-赢 theshy瑞兹 对 letme奥拉夫
第7局-赢 theshy吸血鬼 对 rookie瑞兹
第8局-赢 theshy吸血鬼 对 姿态瑞兹(瑞兹要急死了，接着寄) 
第9局-赢 theshy吸血鬼 对 uzi瑞兹
第10局-赢 theshy瑞兹 对 姿态吸血鬼( (来源: TheShy除“三害”)",B站,体育电竞,TheShy,8273,top_liked
试看能全看完那还说啥呢直接充电了。,,试看能全看完那还说啥呢直接充电了。 (来源: 【充电系列01】从游戏智商这个维度，硬核解析THESHY的赛场表现为何如此),B站,体育电竞,TheShy,7876,top_liked
休息，是属于活物们的,,休息，是属于活物们的 (来源: 欢迎回家，iG.TheShy),B站,体育电竞,TheShy,7777,top_liked
别乱蹭 利物浦什么时候要阿莫林了?,,别乱蹭 利物浦什么时候要阿莫林了? (来源: 阿莫林：同时被曼联曼城红军看中的红魔新帅),B站,体育电竞,阿莫林,1,random
最搞笑的是，每年theshy去哪个队伍，马上就有人骂，结果他一走，那个队马上就拉了，他走之前那一年就是最好的成绩,,最搞笑的是，每年theshy去哪个队伍，马上就有人骂，结果他一走，那个队马上就拉了，他走之前那一年就是最好的成绩 (来源: 超级上单最后的绝唱，重回陆地神仙之境的theshy，在职业生涯最后一个巅峰期，将同样巅峰的阿bin打回现实。),B站,体育电竞,TheShy,6,random
⬅️💰,,⬅️💰 (来源: 哈宝世界杯首秀双响！挪威4-1伊拉克成功终结亚洲球队不败金身！),B站,体育电竞,哈兰德,0,random
布拉加好像是葡萄牙传统三强之外的第四强队吧,,布拉加好像是葡萄牙传统三强之外的第四强队吧 (来源: 揭秘阿莫林成名史，为何咬死三后卫， 他是如何摸爬滚打被曼联看上的？),B站,体育电竞,阿莫林,2,random
吕布累不累不知道，但是吕布看出来了，不让哥仨一人赢一把他今天就走不了了[doge],,吕布累不累不知道，但是吕布看出来了，不让哥仨一人赢一把他今天就走不了了[doge] (来源: TheShy除“三害”),B站,体育电竞,TheShy,6190,random
水软天天不是一起训练就是一起比赛，还逮着机会就咔咔一顿聊，哪有那么多话说，真是很不理解呢[害羞][害羞][害羞],,水软天天不是一起训练就是一起比赛，还逮着机会就咔咔一顿聊，哪有那么多话说，真是很不理解呢[害羞][害羞][害羞] (来源: 【莫德里奇】和他的108个好队友),B站,体育电竞,莫德里奇,18,random
魔笛虽然身体纬度看着比较小，但是双腿很有力量感，所以跑起步来和出球的动作都显得特别潇洒飘逸的感觉,,魔笛虽然身体纬度看着比较小，但是双腿很有力量感，所以跑起步来和出球的动作都显得特别潇洒飘逸的感觉 (来源: 卢卡·莫德里奇 (Luka Modrić) - 当足球成为艺术),B站,体育电竞,莫德里奇,9,random
护林员脑子逻辑非常清奇，你跟他说他带队胜率38%队史倒数第五，他跟你说管理层转会投入不足，你跟他说他这个夏窗投了队史第一的2.5亿，他说球员是硬塞的不是阿莫林想,,"护林员脑子逻辑非常清奇，你跟他说他带队胜率38%队史倒数第五，他跟你说管理层转会投入不足，你跟他说他这个夏窗投了队史第一的2.5亿，他说球员是硬塞的不是阿莫林想要的，那我想请问，你凭什么跟管理层要更多的转会权限？凭你那11打10干不过太妃糖还是联赛杯踢不过英乙格林斯比？

曼联管理层最大问题是，他们本该在欧联决赛后就把他开了而不是等到现在这个时间，在热刺全场只有3脚打门进一球后死守整场的前提下，我们亲爱的阿莫林同志留着5个后卫在场上踢了89分钟，甚至等到90分钟才派上所谓的“攻强守弱”的梅努上场，临场应变如此稀烂的教练居然能留到现在才炒才是管理层最大的罪过。 (来源: 【分析中字】战术层面分析阿莫林为什么被开除)",B站,体育电竞,阿莫林,12,random
这场比赛重点是胖虎出来，稳定了后场，让B哥可以到处游走，小蜜蜂那场没胖虎，踢得一坨,,这场比赛重点是胖虎出来，稳定了后场，让B哥可以到处游走，小蜜蜂那场没胖虎，踢得一坨 (来源: 科学护林时间到了？阿莫林用了哪几招制敌之策？),B站,体育电竞,阿莫林,5,random
谁不希望看到曾经的豪门在一个少帅+一群儿魔梦球员以及历经万难的队长b费重新复兴的故事呢，我不否认我对阿莫林的喜爱，确实是个很有魅力的人。更衣室足够果断，清洗老人,,谁不希望看到曾经的豪门在一个少帅+一群儿魔梦球员以及历经万难的队长b费重新复兴的故事呢，我不否认我对阿莫林的喜爱，确实是个很有魅力的人。更衣室足够果断，清洗老人，以及对加纳乔直接说让他找队伍，这都是一个人的性格体现。最开始看曼联只是曼8时期，那时候更多是看thag出糗，赛后逆转，渐渐的看多了就想看曾经第一豪门复兴，我不需要看什么争冠，不需要看什么欧冠冠军，我只想看到慢慢的进步，慢慢的变好，可以说我把我也寄托在这支队伍上，昨天早场比赛你知道我多开心吗，我可以看完全场，但是今天让我清晰的认识到了，曼联的复兴从来不是所谓更衣室的毒瘤太子帮，也不是什么所谓能力不够的教练，什么医疗团队，最大的毒瘤至始至 (来源: 【阿莫林告别向】真希望雨能下不停),B站,体育电竞,阿莫林,623,random
曼联最缺的不是什么无敌后腰，大师中锋，禁区杀手，最缺的就是主教练绝对话语权，现代足球随着球员身价升高，越来越多球员不在乎教练权威随意挑衅，俱乐部也为这些个大牌球,,曼联最缺的不是什么无敌后腰，大师中锋，禁区杀手，最缺的就是主教练绝对话语权，现代足球随着球员身价升高，越来越多球员不在乎教练权威随意挑衅，俱乐部也为这些个大牌球星随便换帅，这绝对是病态的，你主帅对下面的将军都没法说还有什么存在意义？ (来源: 牢厂开麦第25期：敢换天地！深度解读阿莫林对曼联的体系改造),B站,体育电竞,阿莫林,12,random
为什么这弹幕对太子的意见这么大啊，好大的戾气,,为什么这弹幕对太子的意见这么大啊，好大的戾气 (来源: 42分06秒，带你回顾哈兰德曼城全百球！),B站,体育电竞,哈兰德,32,random
妈咪[星星眼][星星眼][星星眼],,妈咪[星星眼][星星眼][星星眼] (来源: 魔笛是无法被推倒的！！),B站,体育电竞,莫德里奇,3,random
哈哈哈哈哈哈记着突然来一句 你续约了吗 笑死我了,,哈哈哈哈哈哈记着突然来一句 你续约了吗 笑死我了 (来源: 卢卡总是最后一个出更衣室的原因被我找到了！！！),B站,体育电竞,莫德里奇,49,random
还好最后绷住了没成家里蹲，不然真不知道要以什么样的心情观看这个视频[Ave Mujica_开心],,还好最后绷住了没成家里蹲，不然真不知道要以什么样的心情观看这个视频[Ave Mujica_开心] (来源: 【充电系列01】从游戏智商这个维度，硬核解析THESHY的赛场表现为何如此),B站,体育电竞,TheShy,2093,random
一看到这个图就想笑,,一看到这个图就想笑 (来源: 一想到这个球是怎么进的就绷不住了@哈兰德ErlingHaaland  #哈兰德入驻抖音 #大绷住时代 #英超),抖音,体育电竞,哈兰德,314624,top_liked
"狼队闭眼请神
神：",,"狼队闭眼请神
神： (来源: 流水的天才，铁打的康康，康神名场面合集！！ #康康 #EDG #无畏契约 #游戏 #电竞)",抖音,体育电竞,EDG,209019,top_liked
冷知识：哈兰德注册抖音号了[柴犬][柴犬]，然后评论区都是他的各种表情包[笑哭][笑哭][笑哭],,冷知识：哈兰德注册抖音号了[柴犬][柴犬]，然后评论区都是他的各种表情包[笑哭][笑哭][笑哭] (来源: 一想到这个球是怎么进的就绷不住了@哈兰德ErlingHaaland  #哈兰德入驻抖音 #大绷住时代 #英超),抖音,体育电竞,哈兰德,187413,top_liked
嗯呢,,嗯呢 (来源: @哈兰德ErlingHaaland ：欢迎来到对抗路 #哈兰德入驻抖音 #哈兰德之歌DJ版 #英超),抖音,体育电竞,哈兰德,172934,top_liked
忘了？再回忆一下,,忘了？再回忆一下 (来源: 一想到这个球是怎么进的就绷不住了@哈兰德ErlingHaaland  #哈兰德入驻抖音 #大绷住时代 #英超),抖音,体育电竞,哈兰德,122849,top_liked
Bro你是在找我吗？,,Bro你是在找我吗？ (来源: @哈兰德ErlingHaaland ：欢迎来到对抗路 #哈兰德入驻抖音 #哈兰德之歌DJ版 #英超),抖音,体育电竞,哈兰德,109162,top_liked
"康康三大定律
如果对手是同辈那么触发降维打击
如果对手是晚辈那么触发流水天才
如果对手是前辈那么触发以下犯上",,"康康三大定律
如果对手是同辈那么触发降维打击
如果对手是晚辈那么触发流水天才
如果对手是前辈那么触发以下犯上 (来源: 大快人心！绝境翻盘！EDG时隔340天取得国际赛首胜 #EDG战胜FUT晋级六强   #EDG八强赛对阵FUT  #无畏)",抖音,体育电竞,EDG,106210,top_liked
第一局被虐，触发以下犯上，第二句追平，触发同龄人，第三局自动触发降维打击[笑哭][笑哭][笑哭],,第一局被虐，触发以下犯上，第二句追平，触发同龄人，第三局自动触发降维打击[笑哭][笑哭][笑哭] (来源: 史上最爽打脸，你康哥流水天才属性又触发了 #无畏契约 #伦敦大师赛 #zmjjkk #sopp #抖音游戏趣讲作者团),抖音,体育电竞,EDG,95509,top_liked
这样站显瘦,,这样站显瘦 (来源: 康神 龙抬头#EDG #edg夺冠),抖音,体育电竞,EDG,89449,top_liked
我一个完全不看不懂足球的人为什么会刷到这个，我笑得好难受…,,我一个完全不看不懂足球的人为什么会刷到这个，我笑得好难受… (来源: 好消息:00后，金发碧眼190+冷白皮，坏消息：是#哈兰德 #运动员 #足球 #世界杯 #抽象),抖音,体育电竞,哈兰德,86180,top_liked
这阿莫林心真大[我想静静]快输了还玩飞行棋,,"这阿莫林心真大[我想静静]快输了还玩飞行棋 (来源: 当你唯一擅长的事情也开始失败时…
#曼联#阿莫林)",抖音,体育电竞,阿莫林,82809,top_liked
巴西输给克罗地亚！克罗地亚应得的胜利[流泪],,巴西输给克罗地亚！克罗地亚应得的胜利[流泪] (来源: 多希望今晚不是他的绝唱。战火中的硝烟之子，羊群中的足球先生。 #莫德里奇 #克罗地亚 #卡塔尔世界杯),抖音,体育电竞,莫德里奇,75969,top_liked
@抖音求真 真的假的,,@抖音求真 真的假的 (来源: “VCTCN 你们的王回来了” #无畏契约 #卡点 #zmjjkk #EDG #抖音游戏混剪团),抖音,体育电竞,EDG,75290,top_liked
从来没见过球球这么来脾气[憨笑]你当年树屋接了无伤接四个然后五杀都只是笑一下,,从来没见过球球这么来脾气[憨笑]你当年树屋接了无伤接四个然后五杀都只是笑一下 (来源: 恭喜EDG让1追2！！！ 史上最解气的比赛！#edg加油 #EDG#伦敦大师赛),抖音,体育电竞,EDG,64515,top_liked
这哥们还在冷暴力他们队大哥，被冷暴力这哥们兜底能力太强了,,这哥们还在冷暴力他们队大哥，被冷暴力这哥们兜底能力太强了 (来源: 豪到队友了#sopp #伦敦大师赛 #EDG),抖音,体育电竞,EDG,59145,top_liked
巴萨球迷唯独不讨厌魔笛[泣不成声],,巴萨球迷唯独不讨厌魔笛[泣不成声] (来源: 克罗地亚不敌阿根廷止步四强，37岁“魔笛”莫德里奇黯然走出球场。致敬老将！),抖音,体育电竞,莫德里奇,58463,top_liked
圈外人，一直看到的是他的抽象场面，抛开这些不谈他实力到底咋样,,圈外人，一直看到的是他的抽象场面，抛开这些不谈他实力到底咋样 (来源: 流水的天才，铁打的康康，康神名场面合集！！ #康康 #EDG #无畏契约 #游戏 #电竞),抖音,体育电竞,EDG,57723,top_liked
球球好像这个表情包[泪奔],,球球好像这个表情包[泪奔] (来源: 恭喜EDG让1追2！！！ 史上最解气的比赛！#edg加油 #EDG#伦敦大师赛),抖音,体育电竞,EDG,51493,top_liked
我看过最好的外脚背，魔笛和天使,,我看过最好的外脚背，魔笛和天使 (来源: 岁月是你的谎言#皇马 #足球 #莫德里奇),抖音,体育电竞,莫德里奇,49424,top_liked
[黑脸]XLG教练:,,[黑脸]XLG教练: (来源: 【兜底球】是什么操作让AI预测的对方胜率100%瞬间变为0% #2026vctcn第一赛段 #2026无畏巡回北京站#e),抖音,体育电竞,EDG,47829,top_liked
他怎么敢说那么的话,,他怎么敢说那么的话 (来源: Shy哥复出，赛场依旧是他的，看他如果打爆阿斌 #TheShy复出 #TheShy #iG #BIN),抖音,体育电竞,TheShy,0,random
米兰养老院[捂脸],,米兰养老院[捂脸] (来源: 前曼联主帅阿莫林即将执教AC米兰 时隔半年再度出山，41岁前曼联主帅阿莫林接手AC米兰，这笔签约到底是红鸟的翻身棋，还是),抖音,体育电竞,阿莫林,0,random
01:50秒后的视频内容，这张照片最容易理解了,,01:50秒后的视频内容，这张照片最容易理解了 (来源: 脑袋以下世界级，生吃球员生吃门将生吃小孩#哈兰德),抖音,体育电竞,哈兰德,5965,random
这么说吧，莫德里奇不是最强的，但是当他出现在你的选项里，当今足坛球员里面你都会选他,,这么说吧，莫德里奇不是最强的，但是当他出现在你的选项里，当今足坛球员里面你都会选他 (来源: 他是硝烟中的放羊童？也是羊群中的中场大师！#莫德里奇 #足球 #人物 #励志 #drakstreet),抖音,体育电竞,莫德里奇,7,random
他有伊布的感觉,,他有伊布的感觉 (来源: 英超单赛季狂轰36球破纪录！这个26岁北欧魔人凭什么称霸？ 被贴上“大赛隐身”的标签，哈兰德极度恐怖的牵制力被谁忽略了#),抖音,体育电竞,哈兰德,0,random
哪有什么满不满意的，说真的，米兰现在有挑挑拣拣的权利吗[泪奔],,哪有什么满不满意的，说真的，米兰现在有挑挑拣拣的权利吗[泪奔] (来源: 阿莫林hwg，成为米兰下任主教练),抖音,体育电竞,阿莫林,0,random
莱奥一个亿，迈尼昂一个亿，拉比奥5000万，帕芙8000万，阿莫林随便买,,莱奥一个亿，迈尼昂一个亿，拉比奥5000万，帕芙8000万，阿莫林随便买 (来源: 阿莫林执教AC米兰，只有3500万够他搭建梦幻3中卫体系吗？ #AC米兰 #曼联 #阿莫林),抖音,体育电竞,阿莫林,0,random
剑魔宁愿回去打三个人都不愿意打蛤蟆[捂脸][捂脸][捂脸][捂脸],,剑魔宁愿回去打三个人都不愿意打蛤蟆[捂脸][捂脸][捂脸][捂脸] (来源: theshy绝活塔姆，单吃水子哥 #theshy #TES #IG #英雄联盟),抖音,体育电竞,TheShy,0,random
之前孔塞桑 和那个去法国的都是外国人 AC还挺喜欢外籍教练的,,之前孔塞桑 和那个去法国的都是外国人 AC还挺喜欢外籍教练的 (来源: 伊布做了正确的选择，阿莫林执教米兰，还有人骂伊布，真不理解！#ac米兰 #阿莫林 #伊布 #足球的魅力 #国米骑士),抖音,体育电竞,阿莫林,0,random
如果曼联崛起了，阿莫林是第一功劳！！！[赞],,"如果曼联崛起了，阿莫林是第一功劳！！！[赞] (来源: 带队1年,阿莫林给曼联带来了多大的灾难 #曼联 #英超 #阿莫林 #卡里克 #滕哈格)",抖音,体育电竞,阿莫林,7,random
米兰主教练职位不会引起什么关注度，引起关注度的是阿莫林要去，而阿莫林引起关注是因为他是曼联的前任失败教练，如果没有曼联前任教练这个名头，米兰的帅位也没啥太多非米,,米兰主教练职位不会引起什么关注度，引起关注度的是阿莫林要去，而阿莫林引起关注是因为他是曼联的前任失败教练，如果没有曼联前任教练这个名头，米兰的帅位也没啥太多非米兰球迷关注 (来源: 阿莫林执教米兰here we go #阿莫林执教米兰 #AC米兰 #大圣评球 #曼联 #阿莫林),抖音,体育电竞,阿莫林,0,random
全新模板的中锋,,全新模板的中锋 (来源: 英超单赛季狂轰36球破纪录！这个26岁北欧魔人凭什么称霸？ 被贴上“大赛隐身”的标签，哈兰德极度恐怖的牵制力被谁忽略了#),抖音,体育电竞,哈兰德,6,random
挪威大运,,挪威大运 (来源: 哈兰德：你知道我为了兑现足球天赋，付出了什么吗？ #哈兰德 #体育人物),抖音,体育电竞,哈兰德,0,random
米兰下赛季欧协联都没了,,米兰下赛季欧协联都没了 (来源: 阿莫林“Here we go”逆袭，红黑军团的豪赌还是妙手？#阿莫林 #AC米兰 #HereWeGo #意甲),抖音,体育电竞,阿莫林,1,random
我笑的好绝望现在宿舍只有我醒着,,我笑的好绝望现在宿舍只有我醒着 (来源: 好消息:00后，金发碧眼190+冷白皮，坏消息：是#哈兰德 #运动员 #足球 #世界杯 #抽象),抖音,体育电竞,哈兰德,2182,random
没有一句废话，每一句都是干货。,,没有一句废话，每一句都是干货。 (来源: 杨天真评简历这段好精彩！普通职场人也可以学到东西！“百变永远不是一个竞争力，只会是减分项。”),B站,商业消费,杨天真,14242,top_liked
她直言不讳的否定，不带情绪，不带鄙视，也不居高临下。让人很舒服,,她直言不讳的否定，不带情绪，不带鄙视，也不居高临下。让人很舒服 (来源: 杨天真评简历这段好精彩！普通职场人也可以学到东西！“百变永远不是一个竞争力，只会是减分项。”),B站,商业消费,杨天真,13579,top_liked
每销售一个X2，就会有一个P40P被切开，没有买卖就没有杀害[脱单doge],,每销售一个X2，就会有一个P40P被切开，没有买卖就没有杀害[脱单doge] (来源: 【小泽】华为Mate X2详细体验：最好的折叠屏手机？),B站,商业消费,华为折叠屏,11607,top_liked
我想把那句“沟通是为了解决问题而不是为了证明你是对的”刻在脑子里，时刻提醒自己,,我想把那句“沟通是为了解决问题而不是为了证明你是对的”刻在脑子里，时刻提醒自己 (来源: 花钱都买不到的情商课！人间清醒杨天真！),B站,商业消费,杨天真,8168,top_liked
但是酷态科干过更抽象的事情：有3c认证却不往产品上印[吃瓜],,但是酷态科干过更抽象的事情：有3c认证却不往产品上印[吃瓜] (来源: 酷态科为啥从各大榜单消失？),B站,商业消费,安克,7792,top_liked
脑子是人类最好的妆造～,,脑子是人类最好的妆造～ (来源: 杨天真评简历这段好精彩！普通职场人也可以学到东西！“百变永远不是一个竞争力，只会是减分项。”),B站,商业消费,杨天真,7748,top_liked
不得不说，这个厚度确实是有点东西 很多地方都没有妥协，唯一妥协的就是价格😭😭,,不得不说，这个厚度确实是有点东西 很多地方都没有妥协，唯一妥协的就是价格😭😭 (来源: 三折手机，是未来吗？华为Mate XT评测),B站,商业消费,华为折叠屏,7162,top_liked
终于解约了，杨天真给予艺兴的帮助我是很感谢的，但是作为粉丝他被黑的这一年半时间，我真的是看到微博热搜都不敢点进去，我都害怕艺兴上热搜，被黑的实在太惨了，最后的最,,终于解约了，杨天真给予艺兴的帮助我是很感谢的，但是作为粉丝他被黑的这一年半时间，我真的是看到微博热搜都不敢点进去，我都害怕艺兴上热搜，被黑的实在太惨了，最后的最后终于解约了，我就希望我的偶像好好的做做音乐，发发歌，跳跳舞，开开心心的每一天。 (来源: 【理娱】为啥张艺兴成为了杨天真宣传生涯的滑铁卢？),B站,商业消费,杨天真,6012,top_liked
弹幕有说折痕劝退的，可能…劝退你的并不一定是折痕…,,弹幕有说折痕劝退的，可能…劝退你的并不一定是折痕… (来源: 三折手机，是未来吗？华为Mate XT评测),B站,商业消费,华为折叠屏,5998,top_liked
跟天真合作的时候张艺兴是什么情况？央视各大晚会邀约，二胎出圈，一出好戏受好评，转型指日可待，那时候即将出第三张专辑，签了杨天真本来是想做三胎宣传，结果宣传没搞好,,跟天真合作的时候张艺兴是什么情况？央视各大晚会邀约，二胎出圈，一出好戏受好评，转型指日可待，那时候即将出第三张专辑，签了杨天真本来是想做三胎宣传，结果宣传没搞好，反而被拉回流量圈。现在反过头来说天真带红了艺兴，真是睁着眼睛说瞎话，工作能力差就能力差，被甲方爸爸蹬了还把人家过去的努力全安自己头上，天真姐姐牛逼。 (来源: 【理娱】为啥张艺兴成为了杨天真宣传生涯的滑铁卢？),B站,商业消费,杨天真,5733,top_liked
挖槽……她好牛啊……这才是职场闪闪发光的女性。逻辑清晰，言辞犀利，目光坚定又柔和，整个人的气场、谈吐，真的让人既不觉得冒犯也不觉得她高高在上的PUA你。要不人家,,挖槽……她好牛啊……这才是职场闪闪发光的女性。逻辑清晰，言辞犀利，目光坚定又柔和，整个人的气场、谈吐，真的让人既不觉得冒犯也不觉得她高高在上的PUA你。要不人家能在鱼龙混杂的名利圈，有自己的一席之地，真的好厉害啊。。。。。 (来源: 杨天真评简历这段好精彩！普通职场人也可以学到东西！“百变永远不是一个竞争力，只会是减分项。”),B站,商业消费,杨天真,5661,top_liked
看一下海底捞的发家史吧！,,看一下海底捞的发家史吧！ (来源: 【刀姐】涉嫌辱华？揭秘宗教品牌lululemon的成名史！),B站,商业消费,lululemon,5273,top_liked
官网售价仅供参考 实际价格以闲鱼为准[doge],,官网售价仅供参考 实际价格以闲鱼为准[doge] (来源: 【小泽】华为Mate X2详细体验：最好的折叠屏手机？),B站,商业消费,华为折叠屏,5214,top_liked
用了一个月，看股票 看星盘 看文件 看视频真的无敌方便，而且商务属性拉满，拿着给客户讲产品客户都多爱听几句,,用了一个月，看股票 看星盘 看文件 看视频真的无敌方便，而且商务属性拉满，拿着给客户讲产品客户都多爱听几句 (来源: 三折手机，是未来吗？华为Mate XT评测),B站,商业消费,华为折叠屏,5169,top_liked
真的太专业了她不但只指出了问题还解释了原因还提出了改善建议 调条清晰 所有人都说了 有好的地方也会夸赞 态度不卑不亢 第0期整个被她惊艳,,真的太专业了她不但只指出了问题还解释了原因还提出了改善建议 调条清晰 所有人都说了 有好的地方也会夸赞 态度不卑不亢 第0期整个被她惊艳 (来源: 杨天真评简历这段好精彩！普通职场人也可以学到东西！“百变永远不是一个竞争力，只会是减分项。”),B站,商业消费,杨天真,5079,top_liked
买的没问题，卖的没问题，就不买的事多,,买的没问题，卖的没问题，就不买的事多 (来源: 【小泽】华为Mate X2详细体验：最好的折叠屏手机？),B站,商业消费,华为折叠屏,4740,top_liked
这个真可以叫老师了，说的再清楚不过了，没有任何废话，全是慢慢干货[喜欢][喜欢][喜欢],,这个真可以叫老师了，说的再清楚不过了，没有任何废话，全是慢慢干货[喜欢][喜欢][喜欢] (来源: 杨天真评简历这段好精彩！普通职场人也可以学到东西！“百变永远不是一个竞争力，只会是减分项。”),B站,商业消费,杨天真,4531,top_liked
沟通的前提是，对方是一个正常人[呆],,沟通的前提是，对方是一个正常人[呆] (来源: 花钱都买不到的情商课！人间清醒杨天真！),B站,商业消费,杨天真,4516,top_liked
可能不是手机的未来，但机圈这个程度创新和极致完成度已经多年未见了，配上纯自主系统，未来可期无限,,可能不是手机的未来，但机圈这个程度创新和极致完成度已经多年未见了，配上纯自主系统，未来可期无限 (来源: 三折手机，是未来吗？华为Mate XT评测),B站,商业消费,华为折叠屏,4499,top_liked
这才是真正应该看的面试视频！作为在社会摸爬滚打这么多年的老油条，老社畜，真的建议年轻的朋友们多看看这一类视频，这才是真真正正的“面试技巧”！真的别去学那些营销号,,"这才是真正应该看的面试视频！作为在社会摸爬滚打这么多年的老油条，老社畜，真的建议年轻的朋友们多看看这一类视频，这才是真真正正的“面试技巧”！真的别去学那些营销号，什么面试花言巧语。你肚子里没货，任你话说得再怎么漂亮，HR也照样看得出来你外强中干！

当然，对于刚入社会的年轻人，尤其应届的毕业生朋友，肯定不会对你有像视频里大哥这样的要求，哪怕是有经验的人里，也鲜有几个能做到这样的。你要学习的，是像大哥那样，把你掌握的信息，你具备的技能，以及你对行业的看法，有条有理地表述出来！

而其中，展现出你对行业的了解，是最能够让年轻人在面试中脱颖而出的！正是因为大多年轻人都没有真正的工作经验，所以如果你能 (来源: 精彩面试｜杨天真面试服装供应链大哥（技巧在实力面前不值一提)",B站,商业消费,杨天真,4395,top_liked
刚入手 很香！,,刚入手 很香！ (来源: 【四款小折叠对比】荣耀Magic V Flip/华为/OPPO/vivo评测：谁是真的好？),B站,商业消费,华为折叠屏,22,random
"视频里说的协议，我不认同，厂家不开放，总不能归到这俩品牌上

比如安克最新的100瓦桌充虽然支持华为66瓦，但是因为厂商要求，不能显示当前功率，这个也被喷的很厉",,"视频里说的协议，我不认同，厂家不开放，总不能归到这俩品牌上

比如安克最新的100瓦桌充虽然支持华为66瓦，但是因为厂商要求，不能显示当前功率，这个也被喷的很厉害

但是视频里提到的酷态科桌充按键，确实上手有一定难度，这个在我的视频，专门给按键逻辑也讲了几分钟，后续官方也会出使用教程视频

关于酷态科桌充无智联APP，根本还是立项问题，这个其实也在后续屏显充电器被讲到了

对我个人来讲，安克这个桌充最大问题就是两脚没接地，太电了，然后酷态科这边就是智联的遗憾

以上为本人个人观点 (来源: 体验了两款桌面充电站，使用体验就一个字……【凛一会】)",B站,商业消费,安克,131,random
[星星眼][星星眼][星星眼],,[星星眼][星星眼][星星眼] (来源: 天才女友｜能量满满底层关键，杨天真亲授！),B站,商业消费,杨天真,1,random
up，好漂亮,,up，好漂亮 (来源: 女装大佬隐藏下体，穿Lululemon瑜伽裤伪街，路人视角展示身材),B站,商业消费,lululemon,1,random
Pura X比例神中神,,Pura X比例神中神 (来源: 从「夯」到「拉」 华为折叠屏到底怎么选？),B站,商业消费,华为折叠屏,3,random
第一[打call][打call][打call],,第一[打call][打call][打call] (来源: 天真不天真|创业十年 和壹心娱乐创始人们的公开坦白局（上）),B站,商业消费,杨天真,4,random
优秀啊,,优秀啊 (来源: 朱一龙长城击日本鼓，国风为什么翻车？),B站,商业消费,lululemon,1,random
前面那一段感觉不是说她表达能力多强，她是知识和思考、规划很多，这个不仅仅是表达能力，应该说表达能力的本质是有话可说，是厚积薄发，满溢而出，人必须对经历的生活有所,,前面那一段感觉不是说她表达能力多强，她是知识和思考、规划很多，这个不仅仅是表达能力，应该说表达能力的本质是有话可说，是厚积薄发，满溢而出，人必须对经历的生活有所思考才能具有表达。 (来源: 杨天真表达能力有多强？一番话思想超前格局大，在场男生插不上话),B站,商业消费,杨天真,123,random
安克的东西还不错 个人比较喜欢[星星眼],,安克的东西还不错 个人比较喜欢[星星眼] (来源: 拿捏职场降噪？安克消噪耳机ProMax使用体验),B站,商业消费,安克,1,random
一直感觉马思纯的声音跟以前深夜电台那些主持人的声音带给我的感受是一致的，缓缓的很安宁，适合陪伴失眠和睡眠。,,一直感觉马思纯的声音跟以前深夜电台那些主持人的声音带给我的感受是一致的，缓缓的很安宁，适合陪伴失眠和睡眠。 (来源: 【播客完整版】对谈马思纯：当外界定义失效，我们如何定义自己),B站,商业消费,杨天真,909,random
朱一龙他考北电的时候，才艺展示是剑道哦，不是击剑，而是剑道。现在都是冷门的项目他20几年前就学了。,,朱一龙他考北电的时候，才艺展示是剑道哦，不是击剑，而是剑道。现在都是冷门的项目他20几年前就学了。 (来源: 实锤多个专业人士打假｜敢在长城上敲日本鬼太鼓｜朱一龙敏不敏感都敲了｜合作鼓团是太鼓团实锤｜lululemon长城搞文化混),B站,商业消费,lululemon,72,random
第一次看宋佳的采访，原来是一个这么快乐豁达又聪明通透的女性，一直以来只有宋佳的荧幕形象的刻板印象，还以为她是生活中不管遇到什么处境都是那种很强势很独立的大女主呢,,第一次看宋佳的采访，原来是一个这么快乐豁达又聪明通透的女性，一直以来只有宋佳的荧幕形象的刻板印象，还以为她是生活中不管遇到什么处境都是那种很强势很独立的大女主呢，没想到性格这样好，这么柔和。有这样的朋友一定很开心吧，这期采访真不错呢！希望天真小姐以后多邀请你的好朋友来，跟我们分享一些真善美又积极向上的能量吧！[给心心] (来源: 天真不天真｜和宋佳对谈 幸福是一种能力 大女主是“我们”的选择（上）),B站,商业消费,杨天真,10,random
abc真的舒服,,abc真的舒服 (来源: lululemon最值得买的3类男士单品),B站,商业消费,lululemon,2,random
华子最惨的一点就是，某个团体总能拿一些东西当刀使。出个智驾和三电供应，它们喊特斯拉，出个m9，它们喊比亚迪大唐，出个尊界，它们喊红旗，出个折叠屏，它们喊苹果甚至,,华子最惨的一点就是，某个团体总能拿一些东西当刀使。出个智驾和三电供应，它们喊特斯拉，出个m9，它们喊比亚迪大唐，出个尊界，它们喊红旗，出个折叠屏，它们喊苹果甚至OPPO。 (来源: 你喜欢怎么折？华为Pura X Max、Pura X、Mate XTs和Mate X7全系折叠屏户外体验),B站,商业消费,华为折叠屏,214,random
好像没有亚麻蓝，请问是天空蓝吗[大哭],,好像没有亚麻蓝，请问是天空蓝吗[大哭] (来源: Lululemon必买榜单top1 | 新手入坑这么买！),B站,商业消费,lululemon,0,random
李佳琦直播间，衣哥直播间，董先生直播间，大狼狗夫妇直播间，小杨哥直播间，都没买过东西的人、有吗[暗中观察],,李佳琦直播间，衣哥直播间，董先生直播间，大狼狗夫妇直播间，小杨哥直播间，都没买过东西的人、有吗[暗中观察] (来源: 近日，李佳琦在带货“花西子眉笔”的相关言论引发争议。9月11日，李佳琦在直播间哭着向网友道歉。),抖音,商业消费,李佳琦,137787,top_liked
我的钱包也薄到不行了,,我的钱包也薄到不行了 (来源: 这是什么魔鬼口红，OMG也太太太太好看了吧～),抖音,商业消费,李佳琦,85199,top_liked
一听佳琦omg 钱包又要抖三抖,,一听佳琦omg 钱包又要抖三抖 (来源: 这是什么魔鬼口红，OMG也太太太太好看了吧～),抖音,商业消费,李佳琦,57350,top_liked
穷 救了我一次又一次[笑哭][笑哭],,穷 救了我一次又一次[笑哭][笑哭] (来源: Lululemon涉“永久化学物”被调查，可能与内分泌紊乱、不孕不育、癌症及其他健康问题有关联。品牌紧急回应：该公司产品),抖音,商业消费,lululemon,47610,top_liked
封面扑面而来，确认过嘴唇，是女人想要的样子,,封面扑面而来，确认过嘴唇，是女人想要的样子 (来源: 这是什么神仙口红，你一定要买到它！),抖音,商业消费,李佳琦,46572,top_liked
这个设计太好了，我决定买一套，然后再买一个备用手机。,,这个设计太好了，我决定买一套，然后再买一个备用手机。 (来源: 为了不熬夜玩手机，我们做了这个... #绿联指尖湃#绿联45W充电器#手搓万物#何同学),抖音,商业消费,绿联充电器,46141,top_liked
感觉旺旺都很凝重了，但是他一点都不真诚，很敷衍的感觉,,感觉旺旺都很凝重了，但是他一点都不真诚，很敷衍的感觉 (来源: #李佳琦 好像没有意识到自己的错误，他已经没有办法和消费者共情了，道歉也只是为了双十一！),抖音,商业消费,李佳琦,43735,top_liked
女助理有一种想救场又插不进话的无助[宕机],,女助理有一种想救场又插不进话的无助[宕机] (来源: #李佳琦带货79元眉笔网友吐槽贵后遭怼  ，9月11日，#李佳琦发文致歉  ：让大家失望了对不起，作为彩妆柜台销售员，深),抖音,商业消费,李佳琦,43257,top_liked
薇娅，李佳琦，小杨哥，不关注，不看不买[抠鼻],,薇娅，李佳琦，小杨哥，不关注，不看不买[抠鼻] (来源: 带货嘲讽消费者赚钱少，#李佳琦 的傲慢从何而来？#抖音热评 #李佳琦直播间言论为何引争议 @抖音小助手),抖音,商业消费,李佳琦,36640,top_liked
我买东西嫌贵，说了一句贵，然后售货员就阴阳怪气说我是穷鬼，我愤怒地向经理投诉，售货员为保饭碗跟我道歉，此时售货员觉得我是事多挑刺的穷鬼[暗中观察][暗中观察],,我买东西嫌贵，说了一句贵，然后售货员就阴阳怪气说我是穷鬼，我愤怒地向经理投诉，售货员为保饭碗跟我道歉，此时售货员觉得我是事多挑刺的穷鬼[暗中观察][暗中观察] (来源: #李佳琦带货79元眉笔网友吐槽贵后遭怼  ，9月11日，#李佳琦发文致歉  ：让大家失望了对不起，作为彩妆柜台销售员，深),抖音,商业消费,李佳琦,33957,top_liked
我家从猴开始干，都没有那么多钱[泪奔][泪奔][泪奔][泪奔],,我家从猴开始干，都没有那么多钱[泪奔][泪奔][泪奔][泪奔] (来源: #李佳琪直播7小时净赚28亿 #李佳琪 震惊了家人们！@DOU+小助手 ),抖音,商业消费,李佳琦,22778,top_liked
满脸的嫌弃和不耐烦，不能站在客户群体立场考虑，这样的销售是怎么成功的[捂脸],,满脸的嫌弃和不耐烦，不能站在客户群体立场考虑，这样的销售是怎么成功的[捂脸] (来源: #李佳琦 好像没有意识到自己的错误，他已经没有办法和消费者共情了，道歉也只是为了双十一！),抖音,商业消费,李佳琦,22540,top_liked
开不了五星餐厅，咱开老兵烧烤也行[看],,开不了五星餐厅，咱开老兵烧烤也行[看] (来源: 大型纪录片《五星厨神》持续为您播出素材源自up何不羞、猪排派#李佳琦 #搞笑 #娱乐 #二创李佳琦边切菜边吹羽毛 #大型),抖音,商业消费,李佳琦,22393,top_liked
[微笑]让你看没让你选择无视,,[微笑]让你看没让你选择无视 (来源: 双十一马上就要来了，希望我可以再诞生一个新的吉尼斯世界纪录！@抖音小助手),抖音,商业消费,李佳琦,22336,top_liked
都出游戏了，你敢信[捂脸],,都出游戏了，你敢信[捂脸] (来源: 大型纪录片《五星厨神》持续为您播出素材源自up何不羞、猪排派#李佳琦 #搞笑 #娱乐 #二创李佳琦边切菜边吹羽毛 #大型),抖音,商业消费,李佳琦,21672,top_liked
涂口红比女人还好看的男人,,涂口红比女人还好看的男人 (来源: 这是什么魔鬼口红，OMG也太太太太好看了吧～),抖音,商业消费,李佳琦,20074,top_liked
有没有那种姐妹，没看过他直播，没买过他的东西。,,有没有那种姐妹，没看过他直播，没买过他的东西。 (来源: #李佳琦带货79元眉笔网友吐槽贵后遭怼  ，9月11日，#李佳琦发文致歉  ：让大家失望了对不起，作为彩妆柜台销售员，深),抖音,商业消费,李佳琦,19465,top_liked
不能再刷到你了,,不能再刷到你了 (来源: 这是什么魔鬼口红，OMG也太太太太好看了吧～),抖音,商业消费,李佳琦,17216,top_liked
一哥不能塌！我已经失去了一姐！[泣不成声],,一哥不能塌！我已经失去了一姐！[泣不成声] (来源: #李佳琪直播7小时净赚28亿 #李佳琪 震惊了家人们！@DOU+小助手 ),抖音,商业消费,李佳琦,16056,top_liked
"姐妹们。这是怎么了啊？
以前  叫我精致的猪猪女孩
现在  说我是不努力工作的穷鬼[裂开][裂开][裂开][裂开][裂开]",,"姐妹们。这是怎么了啊？
以前  叫我精致的猪猪女孩
现在  说我是不努力工作的穷鬼[裂开][裂开][裂开][裂开][裂开] (来源: #李佳琦带货79元眉笔网友吐槽贵后遭怼  ，9月11日，#李佳琦发文致歉  ：让大家失望了对不起，作为彩妆柜台销售员，深)",抖音,商业消费,李佳琦,15414,top_liked
这三个选哪个好？用来充苹果还有飞智散热器,,这三个选哪个好？用来充苹果还有飞智散热器 (来源: 三款屏显充电头怎么选？安克140W绿联160W酷态科10U 三款屏显充电头怎么选？ 这次分享一下我使用的安克140W、绿),抖音,商业消费,绿联充电器,1,random
阿甘 小米的手持风扇到了没 什么时候出和酷态科的对比视频啊[看],,阿甘 小米的手持风扇到了没 什么时候出和酷态科的对比视频啊[看] (来源: 相当不错，除了价格！评测拆解绿联45W屏显氮化镓 相当不错！评测拆解绿联45W屏显氮化镓#绿联 #iPhone充电器 #),抖音,商业消费,绿联充电器,0,random
给我来点6折平台劵吧抖音，我也要买这个绿联160w氮化镓[捂脸][玫瑰],,给我来点6折平台劵吧抖音，我也要买这个绿联160w氮化镓[捂脸][玫瑰] (来源: 绿联160W速显充 主流品牌大电池长续航性能手机实测@荣耀WIN、红米K90ProMax、IQOO15、一加Turbo6),抖音,商业消费,绿联充电器,0,random
李佳琦超级618,,李佳琦超级618 (来源: 关于美眉们评论里一直问在哪儿看我的直播，特地录了个视频给你们指路！#李佳琦超级618 #618行家划重点 @点淘app ),抖音,商业消费,李佳琦,0,random
我养了多年的男人，现在骂我是穷鬼[泣不成声],,我养了多年的男人，现在骂我是穷鬼[泣不成声] (来源: #李佳琦就直播言论道歉 先给你的母亲说“对不起”！#李佳琦道歉 #你还会在李佳琦直播间买东西吗 #大v说 #抖音热评),抖音,商业消费,李佳琦,562,random
姐妹 最后一件什么色,,姐妹 最后一件什么色 (来源: 又到穿scuba的季节啦！ 不知道买什么颜色的lulu女孩看过来，好美好显白！#lululemon #scuba#秋季穿),抖音,商业消费,lululemon,0,random
看见这老板我就继续持有了,,看见这老板我就继续持有了 (来源: 连我都以为在画饼！存算一体芯片竟然真的做成了？ 安克竟然做芯片了！而且是做了一颗违背了所有祖训的“存算一体”芯片。他们是),抖音,商业消费,安克,0,random
这个就是开始的时候扫一眼参数，屏幕够用就好，又不用来看电影，没必要追求完美,,这个就是开始的时候扫一眼参数，屏幕够用就好，又不用来看电影，没必要追求完美 (来源: 安克、绿联、酷态科屏幕对比 这次把安克 160W 和安克 140W 放一起对比了一下，差距最明显的不是能不能显示功率，而),抖音,商业消费,绿联充电器,0,random
推,,"推 (来源: IuIu正版vs平替 真实测评 你们觉得有什么区别呢 是不是智商税？
#lululemon #lulu平替 #lulu穿)",抖音,商业消费,lululemon,0,random
敢不敢分享姐姐你的全部define！！！,,敢不敢分享姐姐你的全部define！！！ (来源: 5月好物📦一些乱七八糟的好东西们 #好物分享 #购物分享 #lululemon #高个子穿搭 #好物推荐🔥),抖音,商业消费,lululemon,26,random
这还真不是虚荣心，lulu的瑜伽服买过一次正品你就知道有多显身材了，没平替,,这还真不是虚荣心，lulu的瑜伽服买过一次正品你就知道有多显身材了，没平替 (来源: lululemon发圈成本5毛卖80，它怎么敢的 #lululemon #lululemon发圈 #零距离看懂财经),抖音,商业消费,lululemon,6,random
作为一个深度摄影爱好者，用过x3 x5，影像能力真的一言难尽[尬笑]，前段时间换了xmax 影像能力上了一个新台阶,,作为一个深度摄影爱好者，用过x3 x5，影像能力真的一言难尽[尬笑]，前段时间换了xmax 影像能力上了一个新台阶 (来源: Pura X Max影像深度体验！未来一整年的折叠影像机皇，华为全系最好用的一颗长焦，Pura90ProMax你就反思去),抖音,商业消费,华为折叠屏,69,random
苹果17选充电器，充电器支不支持avs协议对于17系列的手机重要吗，,,"苹果17选充电器，充电器支不支持avs协议对于17系列的手机重要吗， (来源: 锐评：第三方苹果充电器！外观雷同 命名撞脸 ？ #iPhone17充电器 #苹果充电器 #安克 #图拉斯 
#酷态科)",抖音,商业消费,绿联充电器,0,random
内饰氛围感拉满，S级底盘科技太香了,,"内饰氛围感拉满，S级底盘科技太香了 (来源: 李佳琦首卖汽车！直播间杀疯，梅赛德斯-奔驰纯电 GLC SUV 赢麻
 
全网炸瓜！李佳琦持证上岗后的首个单品，
梅赛德)",抖音,商业消费,李佳琦,0,random
一句话总结，值不值得买,,一句话总结，值不值得买 (来源: 华为Pura X Max 使用感受+玩机技巧#华为 #华为puraxmax #华为折叠屏 #puraxmax),抖音,商业消费,华为折叠屏,2,random
旁边那个小姐姐一直在各种提示她。。。各种说她脸，我都听出不对了。。。,,旁边那个小姐姐一直在各种提示她。。。各种说她脸，我都听出不对了。。。 (来源: 乔碧萝直播翻车（完整版）),B站,文娱,都美竹,129978,top_liked
实名认证主播，官方和超管绝对早就知道真相[嫌弃][嫌弃][嫌弃][嫌弃],,实名认证主播，官方和超管绝对早就知道真相[嫌弃][嫌弃][嫌弃][嫌弃] (来源: 乔碧萝直播翻车（完整版）),B站,文娱,都美竹,89265,top_liked
《奶奶老了》 我读小学三年级，今天放暑假了，我高兴地回家看奶奶。 奶奶看起来比以前更有精神了，见到我就像往常一样给我塞钱。 我连忙摆摆手，说：“我不能要奶奶的钱,,"《奶奶老了》 我读小学三年级，今天放暑假了，我高兴地回家看奶奶。 奶奶看起来比以前更有精神了，见到我就像往常一样给我塞钱。 我连忙摆摆手，说：“我不能要奶奶的钱，奶奶这么大年纪了，赚钱不容易。”  奶奶笑着说：“没事的，傻孩子。奶奶在斗鱼上装萝莉，一天能挣几百万。”
我高高兴兴地拿着奶奶给我的零花钱给我的梦中女神刷礼物，她有着甜美的声音，我多么想见她一面啊，想到此我刷礼物的手忍不住颤抖起来，终于我砸了十万荣登送礼榜首，我离我的梦中女神越来越近了，我仿佛看到她如花般的面容在对我甜甜地微笑着～
但是我忽然心中一颤，想起奶奶那么努力的赚钱，我却花了大笔钱打赏斗鱼的一个主播，不仅心中有些内疚，我问到： (来源: 乔碧萝直播翻车（完整版）)",B站,文娱,都美竹,63482,top_liked
把保护给我打在公屏上！！！[doge],,把保护给我打在公屏上！！！[doge] (来源: 偷天换日，无耻洗白，蔡徐坤当网友是傻子？【蔡徐坤胜诉事件】),B站,文娱,都美竹,51852,top_liked
一般这种我都信，有经验了哈哈哈哈哈,,一般这种我都信，有经验了哈哈哈哈哈 (来源: 【司晓迪+真嫂子大爆料】鹿晗檀健次劲爆争议!!!),B站,文娱,都美竹,50150,top_liked
露脸不可怕 人品才可怕,,露脸不可怕 人品才可怕 (来源: 乔碧萝直播翻车（完整版）),B站,文娱,都美竹,44356,top_liked
心疼的看着晴子一次又一次的举起了扇子 寻求冷静[微笑],,心疼的看着晴子一次又一次的举起了扇子 寻求冷静[微笑] (来源: 乔碧萝直播翻车（完整版）),B站,文娱,都美竹,36557,top_liked
"【投诉方已对该视频发起侵权投诉，视频内容涉及争议，请注意甄别】
第一次看到这种标签[支持]
感谢UP让我开眼了[保佑]",,"【投诉方已对该视频发起侵权投诉，视频内容涉及争议，请注意甄别】
第一次看到这种标签[支持]
感谢UP让我开眼了[保佑] (来源: 偷天换日，无耻洗白，蔡徐坤当网友是傻子？【蔡徐坤胜诉事件】)",B站,文娱,都美竹,28586,top_liked
我今年近视五百度，看了这个视频，左眼好了，右眼瞎了,,我今年近视五百度，看了这个视频，左眼好了，右眼瞎了 (来源: 乔碧萝直播翻车（完整版）),B站,文娱,都美竹,28191,top_liked
辣眼睛，还尼玛抖肩，太恐怖了,,辣眼睛，还尼玛抖肩，太恐怖了 (来源: 乔碧萝直播翻车（完整版）),B站,文娱,都美竹,27943,top_liked
左边的小姐姐还帮乔碧萝删了录屏视频，那时候她已经知道乔碧萝骂她辣鸡小主播了，今天好多人跟她说她现在很火叫她上直播，她也没有借机蹭热度。左边的小姐姐治好了我以貌取,,"左边的小姐姐还帮乔碧萝删了录屏视频，那时候她已经知道乔碧萝骂她辣鸡小主播了，今天好多人跟她说她现在很火叫她上直播，她也没有借机蹭热度。左边的小姐姐治好了我以貌取人的习惯，现在我知道长得憨厚的不一定是好人，网红脸也可以善良。
转载 (来源: 乔碧萝直播翻车（完整版）)",B站,文娱,都美竹,27463,top_liked
已经辟谣了，那天乔碧萝殿下不舒服，她自己配音她奶奶直播 （三级号一条1元 四级号一条2元 五级号一条3元 删除括号）,,已经辟谣了，那天乔碧萝殿下不舒服，她自己配音她奶奶直播 （三级号一条1元 四级号一条2元 五级号一条3元 删除括号） (来源: 乔碧萝直播翻车（完整版）),B站,文娱,都美竹,27086,top_liked
我感觉官方故意的，因为只有官方才能看见真脸,,我感觉官方故意的，因为只有官方才能看见真脸 (来源: 乔碧萝直播翻车（完整版）),B站,文娱,都美竹,24832,top_liked
这个晴子的表情管理真的太6了,,这个晴子的表情管理真的太6了 (来源: 乔碧萝直播翻车（完整版）),B站,文娱,都美竹,19834,top_liked
好经典的案例，感觉娱乐圈的公关都应该学习，我这种路人很容易被混淆是非黑白了,,好经典的案例，感觉娱乐圈的公关都应该学习，我这种路人很容易被混淆是非黑白了 (来源: 偷天换日，无耻洗白，蔡徐坤当网友是傻子？【蔡徐坤胜诉事件】),B站,文娱,都美竹,19619,top_liked
简介下面的红色提示让这个视频升华到了一个它不该有的高度[藏狐],,简介下面的红色提示让这个视频升华到了一个它不该有的高度[藏狐] (来源: 偷天换日，无耻洗白，蔡徐坤当网友是傻子？【蔡徐坤胜诉事件】),B站,文娱,都美竹,19601,top_liked
鹿晗有人去扒来时间线，是对的上的，就是晓彤突然剪短发的时间,,鹿晗有人去扒来时间线，是对的上的，就是晓彤突然剪短发的时间 (来源: 【司晓迪+真嫂子大爆料】鹿晗檀健次劲爆争议!!!),B站,文娱,都美竹,19054,top_liked
圆子真的勇，这要搁wb绝对被坤粉冲烂了,,圆子真的勇，这要搁wb绝对被坤粉冲烂了 (来源: 偷天换日，无耻洗白，蔡徐坤当网友是傻子？【蔡徐坤胜诉事件】),B站,文娱,都美竹,18073,top_liked
本视频纯属up个人观点，币是系统自动投的 与本人毫无关联，律师函请直送到正确地址,,本视频纯属up个人观点，币是系统自动投的 与本人毫无关联，律师函请直送到正确地址 (来源: 偷天换日，无耻洗白，蔡徐坤当网友是傻子？【蔡徐坤胜诉事件】),B站,文娱,都美竹,17561,top_liked
太好了，把事情的来龙去脉梳理清楚了，我们 ikun 真滴谢谢你(🙏ˊᗜˋ*),,太好了，把事情的来龙去脉梳理清楚了，我们 ikun 真滴谢谢你(🙏ˊᗜˋ*) (来源: 偷天换日，无耻洗白，蔡徐坤当网友是傻子？【蔡徐坤胜诉事件】),B站,文娱,都美竹,17516,top_liked
"进入禁地后，杜东撕下伪装恢复结丹中期修为，杀银月用妖狐之身幻化的韩老魔，结果老魔用如意遁墙，拿走第一名的定灵丹
火龙童子在众人躲在灵树下，想来个一网打尽，结果被",,"进入禁地后，杜东撕下伪装恢复结丹中期修为，杀银月用妖狐之身幻化的韩老魔，结果老魔用如意遁墙，拿走第一名的定灵丹
火龙童子在众人躲在灵树下，想来个一网打尽，结果被套中套
白长老叛徒 死，杜东天煞宗少主夺取醇液逃跑，
天煞真君附身守灵树身上老者，护弟子逃跑
正魔两道发现玄天仙藤，想用灵眼之树醇夜，救不活
三派想铲除宗派内潜伏多年奸细，落云宗两元婴中计一位元气大伤[打call] (来源: 凡人这出场搞得一个比一个逼格高)",B站,文娱,凡人修仙传,116,random
鸡毛严父，连韩立毛都挨到。,,鸡毛严父，连韩立毛都挨到。 (来源: 嚣张了八个月的韩老魔，即将迎来他的严父),B站,文娱,凡人修仙传,0,random
"他没问题，但是他的粉丝问题可大了去了。在小红薯搞大规模的认爹场面。
太鼓首先不是羯鼓，羯鼓是西域的，粉丝别告诉我西域就是新疆那些地方[笑哭]",,"他没问题，但是他的粉丝问题可大了去了。在小红薯搞大规模的认爹场面。
太鼓首先不是羯鼓，羯鼓是西域的，粉丝别告诉我西域就是新疆那些地方[笑哭] (来源: 朱一龙，八字解析！)",B站,文娱,朱一龙,1,random
明星那么多钱就是不愿意给，结果因小失大惹来了麻烦，这个告诉我们不该省的绝对不能省[滑稽],,明星那么多钱就是不愿意给，结果因小失大惹来了麻烦，这个告诉我们不该省的绝对不能省[滑稽] (来源: 娱乐圈再曝大瓜，都美竹疑似“身体交易”被举报，聊天记录已曝光),B站,文娱,都美竹,42,random
明道的反义词,,明道的反义词 (来源: 余华：朱一龙怎么看起来正人君子，却满脑子黄色废料的！哈哈哈哈哈哈),B站,文娱,朱一龙,155,random
我好想看他演玄幻修仙，那种家族骄傲宗门大师兄，家族和谐父母恩爱受族老重视喜欢，在宗门一群师兄弟都崇拜他，然后某天家族与宗门全被灭门，他为了找灵药去妖兽山躲过一劫,,我好想看他演玄幻修仙，那种家族骄傲宗门大师兄，家族和谐父母恩爱受族老重视喜欢，在宗门一群师兄弟都崇拜他，然后某天家族与宗门全被灭门，他为了找灵药去妖兽山躲过一劫，回来后宗门一片废墟，无一生还，整个地域都有波折，赶回家发现家也没了那种[捂眼] (来源: 这些角色竟然都是朱一龙演的，果然是千面影帝啊，演技太牛了),B站,文娱,朱一龙,17,random
[喜欢],,[喜欢] (来源: ⚡️看来，是时候去见上一面了⚡️【凡人官方二创大会】),B站,文娱,凡人修仙传,109,random
嚯哦~,,嚯哦~ (来源: 和都美竹结婚能救吴某凡吗？这波“新公关”让人细思极恐),B站,文娱,都美竹,1,random
旗下艺人，旗日一家,,旗下艺人，旗日一家 (来源: 朱一龙真是百口莫辩，感觉被做了局🔥🔥🔥),B站,文娱,朱一龙,2,random
我只担心他安全，可以算算最后能平安吗,,我只担心他安全，可以算算最后能平安吗 (来源: 明牌了！？朱一龙敲脚盆太鼓？被控？有T？),B站,文娱,朱一龙,8,random
除了乔碧罗其他都没听过[辣眼睛],,除了乔碧罗其他都没听过[辣眼睛] (来源: 爆火全网的八大照骗：都美竹素颜照像大妈，迅猛龙女神滤镜碎一地),B站,文娱,都美竹,52,random
笑开了能露二十颗牙(我认真数过的)，回归婴幼儿就露两颗[呲牙][呲牙]，我的大宝贝[给心心][给心心][给心心],,笑开了能露二十颗牙(我认真数过的)，回归婴幼儿就露两颗[呲牙][呲牙]，我的大宝贝[给心心][给心心][给心心] (来源: 朱一龙：这两颗牙是怎么办到的),B站,文娱,朱一龙,281,random
他拍了方砺的电影🎬之后这个走向很容易理解了…,,他拍了方砺的电影🎬之后这个走向很容易理解了… (来源: 朱一龙真是百口莫辩，感觉被做了局🔥🔥🔥),B站,文娱,朱一龙,59,random
这个鼓非专业人士谁知道是日本的,,这个鼓非专业人士谁知道是日本的 (来源: 朱一龙击鼓风波升级！曾去日本神社祈福等黑料被扒，还牵扯到龚俊),B站,文娱,朱一龙,0,random
评论区不要强行圆了，看吐你们的发言了。你们是真觉得没问题，还有觉得有问题但要强行捧着？我真不明白,,评论区不要强行圆了，看吐你们的发言了。你们是真觉得没问题，还有觉得有问题但要强行捧着？我真不明白 (来源: 凡人修仙传177集最雷霆的一句台词，这下知道为什么韩立不回黄枫谷了😂),B站,文娱,凡人修仙传,11,random
元歌等了一晚上敖隐的好友申请，发现只等来了哪吒的,,元歌等了一晚上敖隐的好友申请，发现只等来了哪吒的 (来源: 被元歌的操作震惊到了 #王者荣耀 #王者游戏操作分享 #王者荣耀苏木),抖音,文娱,王者荣耀,495572,top_liked
"熬隐:谢谢朵莉亚[抱拳]
队友:朵莉亚？",,"熬隐:谢谢朵莉亚[抱拳]
队友:朵莉亚？ (来源: 被元歌的操作震惊到了 #王者荣耀 #王者游戏操作分享 #王者荣耀苏木)",抖音,文娱,王者荣耀,219485,top_liked
元歌此时的大脑不输爱因斯坦[赞],,元歌此时的大脑不输爱因斯坦[赞] (来源: 被元歌的操作震惊到了 #王者荣耀 #王者游戏操作分享 #王者荣耀苏木),抖音,文娱,王者荣耀,200415,top_liked
国旗上有5颗星，我们送5朵[玫瑰][玫瑰][玫瑰][玫瑰][玫瑰],,国旗上有5颗星，我们送5朵[玫瑰][玫瑰][玫瑰][玫瑰][玫瑰] (来源: “今天，我不走了……”#电影东极岛  #东极岛渔民反抗日军不忍了 #台词 #朱一龙  #爱国),抖音,文娱,朱一龙,94931,top_liked
紧跟时代第一线[看],,紧跟时代第一线[看] (来源: 都美竹回应吴亦凡获刑：终于等到了！),抖音,文娱,都美竹,60317,top_liked
让银月少看点仙逆,,让银月少看点仙逆 (来源: 银月想象力还挺丰富偷偷暗指谁呢🌝#凡人修仙传 #韩立 #凡人修仙传慕兰之战),抖音,文娱,凡人修仙传,52595,top_liked
好小众的一句话[宕机][宕机][宕机],,好小众的一句话[宕机][宕机][宕机] (来源: 巅峰万强2065分小乔全局思路，面对没回复或者少回复的阵容时，回响依旧是最佳的选择#小乔 #巅峰赛 #中单教学),抖音,文娱,王者荣耀,44398,top_liked
能不能封杀她啊 [微笑],,能不能封杀她啊 [微笑] (来源: 举报吴亦凡的都美竹发视频回应争议),抖音,文娱,都美竹,41732,top_liked
不笑的是这个[戳手手],,不笑的是这个[戳手手] (来源: 谁说凡人没意思的，这凡人可太有意思了，八大名场面全程高能#凡人修仙传 #韩立 #搞笑 #名场面 #动漫编年史),抖音,文娱,凡人修仙传,38238,top_liked
这个曜笑死我了，孙权你怎么进去了！孙权！！！！！！！！！！,,这个曜笑死我了，孙权你怎么进去了！孙权！！！！！！！！！！ (来源: 神器流孙权全局非0失误逆风翻盘教学 对局中失误在所难免，切记保持心态补救局势即可#王者荣耀  #抖音acg新春会 #和我),抖音,文娱,王者荣耀,34169,top_liked
从哪看啊[泪奔]今天朋友圈都在刷我也想看看，但是腾讯优酷都找不到[泣不成声],,从哪看啊[泪奔]今天朋友圈都在刷我也想看看，但是腾讯优酷都找不到[泣不成声] (来源: 那些结婴时的绝美场景#凡人修仙传  #凡人修仙传动画 #凡人重返天南 #凡人修仙传韩立),抖音,文娱,凡人修仙传,31531,top_liked
老师老师 我去看一眼蓝区的空射手就死了怎么办[钱],,老师老师 我去看一眼蓝区的空射手就死了怎么办[钱] (来源: 张飞游走全国前500名全局思路 学会保底2100👌🏻 为什么你上不了2100  因为你没学会🤗  我光做视频都看10遍以),抖音,文娱,王者荣耀,30352,top_liked
天网恢恢，疏而不漏！,,天网恢恢，疏而不漏！ (来源: 都美竹回应吴亦凡获刑：终于等到了！),抖音,文娱,都美竹,26237,top_liked
我的智商不够用[捂脸]看不懂,,我的智商不够用[捂脸]看不懂 (来源: 北京警方通报吴亦凡事件。),抖音,文娱,都美竹,26137,top_liked
大乔不断夸奖自己的妹妹,,大乔不断夸奖自己的妹妹 (来源: 巅峰万强2065分小乔全局思路，面对没回复或者少回复的阵容时，回响依旧是最佳的选择#小乔 #巅峰赛 #中单教学),抖音,文娱,王者荣耀,24835,top_liked
虽然平时就很窝囊了，但是这一期格外的窝囊[黑脸],,虽然平时就很窝囊了，但是这一期格外的窝囊[黑脸] (来源: 神器流孙权全局非0失误逆风翻盘教学 对局中失误在所难免，切记保持心态补救局势即可#王者荣耀  #抖音acg新春会 #和我),抖音,文娱,王者荣耀,24411,top_liked
文娱届唯一一个代表[抱抱你],,文娱届唯一一个代表[抱抱你] (来源: 文艺工作者一定要有文化，这句话的含金量还在上升.#接英雄回家 #朱一龙 #致敬 #宣传正能量),抖音,文娱,朱一龙,24027,top_liked
从你十岁的眼神里就看到了你18岁的不平凡[看],,"从你十岁的眼神里就看到了你18岁的不平凡[看] (来源: 小时候的我也很喜欢长大后的自己
 #小时候vs现在
 #终于变成小时候最期待的样子)",抖音,文娱,都美竹,23914,top_liked
大乔的意识，公孙离的反应，鬼谷子的绕铁收西施都展现了顶尖的实力,,大乔的意识，公孙离的反应，鬼谷子的绕铁收西施都展现了顶尖的实力 (来源: 巅峰赛2500分巅峰对决全局思路解析，高端局每一波都是考验！ 用上帝视角来学习前期对线博弈，中后期团战时机与打团切C技巧),抖音,文娱,王者荣耀,22175,top_liked
@抖音求真 视频中的小乔出了哪些装备？,,@抖音求真 视频中的小乔出了哪些装备？ (来源: 巅峰万强2065分小乔全局思路，面对没回复或者少回复的阵容时，回响依旧是最佳的选择#小乔 #巅峰赛 #中单教学),抖音,文娱,王者荣耀,19053,top_liked
这一刻，韩立眼神清澈的像个孩子[不失礼貌的微笑],,这一刻，韩立眼神清澈的像个孩子[不失礼貌的微笑] (来源: 新人入坑凡人修仙传，真的很细 #凡人修仙传),抖音,文娱,凡人修仙传,10,random
《空枪》要上了，来了这么多暗箭！人要是坏，真是没得治！还上升到民族，也是“良苦用心”了,,《空枪》要上了，来了这么多暗箭！人要是坏，真是没得治！还上升到民族，也是“良苦用心”了 (来源: 我承认朱一龙是天使，只是这个世界有点坏#朱一龙朱一龙朱一龙朱一龙 #朱一龙生图 #青年强则国家强 #朱一龙),抖音,文娱,朱一龙,23,random
我的蓝调老公[送心],,我的蓝调老公[送心] (来源: 周五，宜掉落#朱一龙 城市漫游花絮。#抖抖好生活 #暖冬星日常),抖音,文娱,朱一龙,7,random
我赌宋蒙他们后续要被阴罗宗长老杀死，然后加上南宫婉的事情，给韩立一个屠杀阴罗宗的合理安排,,我赌宋蒙他们后续要被阴罗宗长老杀死，然后加上南宫婉的事情，给韩立一个屠杀阴罗宗的合理安排 (来源: 凡人这次真的爆了！ 最新二集细节解析！ #凡人修仙传 #凡人修仙传动画 #动漫解说 #韩立 #国漫),抖音,文娱,凡人修仙传,0,random
他a不过攻速流的守约，谁懂啊？[杀马特],,他a不过攻速流的守约，谁懂啊？[杀马特] (来源: 超夯乱斗三大超夯英雄！ #王者 #王者荣耀 #青年创作者成长计划 #超夯大乱斗),抖音,文娱,王者荣耀,0,random
不是，这个点你更新[懵],,不是，这个点你更新[懵] (来源: 欲买桂花同载酒 终不似 少年游！《凡人修仙传》178逐帧解析 #凡人修仙传 #韩立 #红拂结局 #宋蒙 #南宫婉),抖音,文娱,凡人修仙传,1,random
我已经感觉到已经开始废了  跟斗破年番一样  前期只会有一小点问题观众还维护理解  后面问题会越来越大 尤其是大场面 最重要是制作组高估自己的改变能力 后面魔改,,我已经感觉到已经开始废了  跟斗破年番一样  前期只会有一小点问题观众还维护理解  后面问题会越来越大 尤其是大场面 最重要是制作组高估自己的改变能力 后面魔改会越来越多  预言一下[看] (来源: 理性分析，凡人制作组会更改那些内容 #凡人修仙传 #韩立 #国漫 #充能计划),抖音,文娱,凡人修仙传,1,random
洗,,洗 (来源: 惊天反转！朱一龙敲鼓被骂辱国，硬核科普曝光，全网彻底道歉 惊天反转！朱一龙敲鼓被骂辱国，硬核科普曝光，全网彻底道歉#高温),抖音,文娱,朱一龙,0,random
传说中的只功不防天下无双的团[舔屏],,传说中的只功不防天下无双的团[舔屏] (来源: 七分钟让你爱上巅峰赛！蓝色方职业选手橙果、携手主播天梯、颜择！撞车职业选手小小飞、白清以及两位天花板主播斌斌和企鹅！#王),抖音,文娱,王者荣耀,0,random
你的闹钟是7:30，我的大碗宽面哥哥天不亮就要起来跑操了[不失礼貌的微笑],,"你的闹钟是7:30，我的大碗宽面哥哥天不亮就要起来跑操了[不失礼貌的微笑] (来源: vlog/嘟嘟独居日记 爱具体的生活的一天！🦋 hi~大家又见面啦~
最近放暑假懒懒的宅家
i人总是有办法把平淡的生活过)",抖音,文娱,都美竹,90,random
我会耿耿于怀,,"我会耿耿于怀 (来源: 曾经以为一辈子会耿耿于怀的事。原来只要到了时间期限真的就自然而然的原谅了
#分享照片  #精神lively @嘟嘟早点睡)",抖音,文娱,都美竹,0,random
黄枫谷天胡开局，一把牌打的稀烂,,黄枫谷天胡开局，一把牌打的稀烂 (来源: 看似极度自私的令狐，却完整保住了黄枫谷道统 #凡人修仙传 #国漫推荐 #令狐老祖#动漫凡人修仙传复播),抖音,文娱,凡人修仙传,10,random
难怪营销号这么爱发他黑图，原来是他帅的太突出，为了给别人留活路[思考],,难怪营销号这么爱发他黑图，原来是他帅的太突出，为了给别人留活路[思考] (来源: 天塌下来有美人影帝的颜值顶着。#朱一龙 #阳光大男孩 #治愈系笑容 #这谁顶得住啊),抖音,文娱,朱一龙,145,random
女神级别,,"女神级别 (来源: 女神扶贫幸苦了#仙女下凡  #华女一 #都美竹#起号#Kris
（不要误伤我)",抖音,文娱,都美竹,36,random
[妙啊],,[妙啊] (来源: 黄金白银大崩盘，谁是幕后推手？),B站,金融经济,黄金,5656,top_liked
别人梭哈我观望，别人恐惧我观望，别人观望我观望,,别人梭哈我观望，别人恐惧我观望，别人观望我观望 (来源: 黄金白银大崩盘，谁是幕后推手？),B站,金融经济,黄金,3929,top_liked
小Lin姐的语言永远那么通俗易懂，这才是真正的大牛，把复杂的知识讲得让小白也能听懂并且听进去。（而假装专业实则外行的人，往往喜欢说些虚无缥缈的话让自己显得很厉害,,"小Lin姐的语言永远那么通俗易懂，这才是真正的大牛，把复杂的知识讲得让小白也能听懂并且听进去。（而假装专业实则外行的人，往往喜欢说些虚无缥缈的话让自己显得很厉害。）
另外小Lin的视频剪辑是请专业团队做的吗？做得太精致了，请务必多加鸡腿 [脱单doge] (来源: 【硬核】一口气了解黄金 | 为什么暴涨? 投资黄金需要注意什么?)",B站,金融经济,黄金,3837,top_liked
这敢发快递？家里人拍卖买这一半的金块都得自己开车到河南去自提,,这敢发快递？家里人拍卖买这一半的金块都得自己开车到河南去自提 (来源: 2600多克黄金，提炼成万足金，能少多少克？#科普 #提炼黄金 #黄金 ＃手艺人),B站,金融经济,黄金,3304,top_liked
黄金还有个隐藏的投资属性，无限信心。任何投资都会变成0。但是黄金在任何人心里都是默认，不管涨跌都不会变0。,,黄金还有个隐藏的投资属性，无限信心。任何投资都会变成0。但是黄金在任何人心里都是默认，不管涨跌都不会变0。 (来源: 【硬核】一口气了解黄金 | 为什么暴涨? 投资黄金需要注意什么?),B站,金融经济,黄金,2968,top_liked
黄金的波动有多大呢，视频发出来的时候，黄金又涨回去了[脱单doge],,黄金的波动有多大呢，视频发出来的时候，黄金又涨回去了[脱单doge] (来源: 黄金白银大崩盘，谁是幕后推手？),B站,金融经济,黄金,2706,top_liked
[脱单doge],,[脱单doge] (来源: 黄金白银大崩盘，谁是幕后推手？),B站,金融经济,黄金,2390,top_liked
其实黄金暴涨暴跌还有一个原因：我买入了。[OK],,其实黄金暴涨暴跌还有一个原因：我买入了。[OK] (来源: 黄金白银大崩盘，谁是幕后推手？),B站,金融经济,黄金,1825,top_liked
内存条什么时候崩盘我真是求你们了,,内存条什么时候崩盘我真是求你们了 (来源: 黄金白银大崩盘，谁是幕后推手？),B站,金融经济,黄金,1744,top_liked
小林你可以采访我吗？我17年底把上海唯一住房卖了全部买黄金，那时候实物黄金才275/克。如今卖掉的房子价格不变甚至略跌，而黄金已经翻倍。我自认为对投资的理解是世,,小林你可以采访我吗？我17年底把上海唯一住房卖了全部买黄金，那时候实物黄金才275/克。如今卖掉的房子价格不变甚至略跌，而黄金已经翻倍。我自认为对投资的理解是世界级的。 (来源: 【硬核】一口气了解黄金 | 为什么暴涨? 投资黄金需要注意什么?),B站,金融经济,黄金,1660,top_liked
想到以前干某宝客服，有个买家在不知名店铺花了两万多买的金镯子（那时候金价可没现在这么高），自己戴了五六年，最后想融了做个别的样式送给儿媳妇，到了店里才发现是金包,,想到以前干某宝客服，有个买家在不知名店铺花了两万多买的金镯子（那时候金价可没现在这么高），自己戴了五六年，最后想融了做个别的样式送给儿媳妇，到了店里才发现是金包银，外面一层金皮，里面全是银，[笑哭]找客服要求退货退款，但是那个店早已注销了，保账户上保证金还剩两毛。最后要平台赔钱，那谁管的了，我直接上报公司，把单子转走了。最后不了了之。只有买家受伤的世界达成了 (来源: 2600多克黄金，提炼成万足金，能少多少克？#科普 #提炼黄金 #黄金 ＃手艺人),B站,金融经济,黄金,1599,top_liked
"省流：
5、游戏
4、能源金属
3、航海装备
2、有色金属
1、AI产业链",,"省流：
5、游戏
4、能源金属
3、航海装备
2、有色金属
1、AI产业链 (来源: 【深度】谁是中国闷声发财的TOP5行业？两条主线正在疯狂的偷偷吃肉！)",B站,金融经济,进出口,1593,top_liked
400出头入的，553那天出了。[doge]近些年收益最高的一次投资。,,400出头入的，553那天出了。[doge]近些年收益最高的一次投资。 (来源: 【硬核】一口气了解黄金 | 为什么暴涨? 投资黄金需要注意什么?),B站,金融经济,黄金,1515,top_liked
经济学永远只能解释，却预测不了未来，这又是因为什么,,经济学永远只能解释，却预测不了未来，这又是因为什么 (来源: 黄金白银大崩盘，谁是幕后推手？),B站,金融经济,黄金,1490,top_liked
给想投资的黄金小伙伴提个醒，巴菲特说过黄金本身没有产生价值，所以一单位黄金和等价值的农场，选农场，但是大部分人会选前者就这非常费解，因为一百年之后，黄金还是黄金,,给想投资的黄金小伙伴提个醒，巴菲特说过黄金本身没有产生价值，所以一单位黄金和等价值的农场，选农场，但是大部分人会选前者就这非常费解，因为一百年之后，黄金还是黄金，农场可是会生产无数农作物的，芒格补充说到，如果你要有黄金还要有一只守护黄金的军队，个人实体黄金觉得流动性太差，如果真的是世界末日买投资金条不如镶半口金牙 (来源: 【硬核】一口气了解黄金 | 为什么暴涨? 投资黄金需要注意什么?),B站,金融经济,黄金,1349,top_liked
想起那句老话“盛世古董，乱世黄金”[响指],,想起那句老话“盛世古董，乱世黄金”[响指] (来源: 【硬核】一口气了解黄金 | 为什么暴涨? 投资黄金需要注意什么?),B站,金融经济,黄金,1337,top_liked
说了这么多，其实核心就是：作为散户，不要把黄金作为短期投资获取投机性收益的手段，而是要作为抵御长期风险的手段,,说了这么多，其实核心就是：作为散户，不要把黄金作为短期投资获取投机性收益的手段，而是要作为抵御长期风险的手段 (来源: 【硬核】一口气了解黄金 | 为什么暴涨? 投资黄金需要注意什么?),B站,金融经济,黄金,1279,top_liked
别人恐惧我恐惧，别人贪婪我恐惧，别人观望我恐惧，别人入场我恐惧，别人亏死我恐惧，别人跳楼我恐惧，别人赚钱我恐惧，别人醉生梦死我恐惧[doge],,别人恐惧我恐惧，别人贪婪我恐惧，别人观望我恐惧，别人入场我恐惧，别人亏死我恐惧，别人跳楼我恐惧，别人赚钱我恐惧，别人醉生梦死我恐惧[doge] (来源: 黄金白银大崩盘，谁是幕后推手？),B站,金融经济,黄金,1237,top_liked
我对股市唯一的理解是不会让多数人赚钱[无限暖暖_毛线汪汪],,我对股市唯一的理解是不会让多数人赚钱[无限暖暖_毛线汪汪] (来源: 爱音：黄金大跌快抄底！素世：想当韭菜就直说。),B站,金融经济,黄金,1234,top_liked
"咱们来一口气了解一下黄金。
首先，咱先看看黄金的供需，什么人在生产啊、什么人在买；
然后呢，咱具体分析一下什么东西影响金价，决定金价；
接着很自然的，就是最近黄",,"咱们来一口气了解一下黄金。
首先，咱先看看黄金的供需，什么人在生产啊、什么人在买；
然后呢，咱具体分析一下什么东西影响金价，决定金价；
接着很自然的，就是最近黄金为什么涨得那么猛；
最后咱们从专业投资人的角度来看看黄金它作为一个资产，有什么特点。 (来源: 【硬核】一口气了解黄金 | 为什么暴涨? 投资黄金需要注意什么?)",B站,金融经济,黄金,1204,top_liked
通篇全是抄人家 艾丽的无废话财经,,通篇全是抄人家 艾丽的无废话财经 (来源: 黄金沦为华尔街与白宫联手设局的牺牲品？贝森特才是真正的操盘手，川普只是台前演员！全球都被迫买美国石油！石油美元霸权疯狂出),B站,金融经济,黄金,1,random
之前不相信现在相信的 反买就对啦,,之前不相信现在相信的 反买就对啦 (来源: 通胀末日！金价还会跳水吗？金价展望！三重危机砸盘黄金！),B站,金融经济,黄金,0,random
冲,,冲 (来源: 世界进出口贸易排行！中国外贸跃居世界第一，进口量节节攀升),B站,金融经济,进出口,1,random
三连到位，淡总肝别碎[doge],,三连到位，淡总肝别碎[doge] (来源: 美联储利率决议之夜，大多押注利率不变，黄金日内多空分水岭4280),B站,金融经济,黄金,1,random
的确，川普的停火只是为了中期选举，中长期看伊朗这关还远没过去，只要以色列扩张之心未死，伊朗就还是目标，不为别的、中东霸权美国不想这么扔掉；这次美股出现问题的时间,,的确，川普的停火只是为了中期选举，中长期看伊朗这关还远没过去，只要以色列扩张之心未死，伊朗就还是目标，不为别的、中东霸权美国不想这么扔掉；这次美股出现问题的时间点大概率会在中期选举之后不久，也有可能提前到10月。各位安好。 (来源: 黄金怎么让人看不懂了？海峡危机真的解除了？【岩论604期】),B站,金融经济,黄金,5,random
今晚要爆拉了[藏狐],,今晚要爆拉了[藏狐] (来源: 今晚美联储议息会议市场会怎么选择，有哪些潜在风险呢？),B站,金融经济,黄金,1,random
还在熬夜看盘的都是苦命人[笑哭],,还在熬夜看盘的都是苦命人[笑哭] (来源: 黄金VS股市，百年历史推演),B站,金融经济,黄金,92,random
今晚有人高兴，有人哭,,今晚有人高兴，有人哭 (来源: 金银的大a的发令枪就在明天凌晨2:30…#黄金 #白银 #大a #行情分析),B站,金融经济,黄金,0,random
不就是当年茅台，宁德时代的翻版吗，不跌就不套，上方没压力，没人卖就只会涨,,不就是当年茅台，宁德时代的翻版吗，不跌就不套，上方没压力，没人卖就只会涨 (来源: 老登股！还有救吗？中登股！能做吗？),B站,金融经济,黄金,13,random
除非美国把内塔尼亚胡斩首了，否则现阶段无法达成有效协议。,,除非美国把内塔尼亚胡斩首了，否则现阶段无法达成有效协议。 (来源: 黄金怎么让人看不懂了？海峡危机真的解除了？【岩论604期】),B站,金融经济,黄金,8,random
个人建议无论短线长线都别动，川普这么迫切达成协议就是为了沃什的第一次发言做铺垫。沃什川普选的，台子川普搭的，我不信沃什在川普搭的台子上忤逆川普,,个人建议无论短线长线都别动，川普这么迫切达成协议就是为了沃什的第一次发言做铺垫。沃什川普选的，台子川普搭的，我不信沃什在川普搭的台子上忤逆川普 (来源: 明天利率会议短期风险，等待黄金最后一哆嗦后的曙光),B站,金融经济,黄金,79,random
讲的不错，外行来凑凑热闹[doge][doge][doge],,讲的不错，外行来凑凑热闹[doge][doge][doge] (来源: 【东华大学】进出口贸易实务+案例分析57讲),B站,金融经济,进出口,3,random
是哪本的呀？是盛洪昌主编的第六版的吗,,是哪本的呀？是盛洪昌主编的第六版的吗 (来源: 《国际贸易实务》3小时不挂科！从0基础到完全掌握！配套讲义+题库（期末突击/期末速成）),B站,金融经济,进出口,1,random
老师，一天没有你都很难度过啊,,老师，一天没有你都很难度过啊 (来源: 2026年6.16黄金原油个人分析),B站,金融经济,黄金,4,random
老中是不是有点太恐怖了，出口还能涨啊，这么搞下去国外还有工业吗,,老中是不是有点太恐怖了，出口还能涨啊，这么搞下去国外还有工业吗 (来源: 2026年第一季度进出口首次超过11万亿元贸易。（2026年我国）),B站,金融经济,进出口,58,random
懂了，黄金目前正在重新定价，为了未来的人民币国际化，所以现在不用管黄金价格多少，自己多存钱就行，等这个阶段过了，人民币才是除黄金之外的第二全球硬通货,,懂了，黄金目前正在重新定价，为了未来的人民币国际化，所以现在不用管黄金价格多少，自己多存钱就行，等这个阶段过了，人民币才是除黄金之外的第二全球硬通货 (来源: 当你有个懂金融的老爸(58期)黄金还会不会涨？ #老爸白话  #经济  #财经知识 #黄金 #美元),抖音,金融经济,黄金,44791,top_liked
当我这个层次的人知道什么能挣钱的时候那应该是要挣我的钱了[微笑][微笑][微笑],,当我这个层次的人知道什么能挣钱的时候那应该是要挣我的钱了[微笑][微笑][微笑] (来源: 当你有个懂金融的老爸(58期)黄金还会不会涨？ #老爸白话  #经济  #财经知识 #黄金 #美元),抖音,金融经济,黄金,24003,top_liked
"我不了解金融 但我懂一个道理
当一样东西开始出现大众视野 一定不对劲了",,"我不了解金融 但我懂一个道理
当一样东西开始出现大众视野 一定不对劲了 (来源: 当你有个懂金融的老爸(58期)黄金还会不会涨？ #老爸白话  #经济  #财经知识 #黄金 #美元)",抖音,金融经济,黄金,17914,top_liked
一条视频讲完了我大学3年学的所有知识,,"一条视频讲完了我大学3年学的所有知识 (来源: 20分钟，12000字，了解外贸生意的8个关键流程，
一篇视频，让外贸新手从入门到精通
#外贸 #外贸出口 #外贸怎么做)",抖音,金融经济,进出口,6492,top_liked
语言的艺术,,语言的艺术 (来源: 没什么好避讳的，进出口数据就是在走弱，但这样的成绩还算不错，我们也需要正视挑战#我在抖音说财经 #进出口贸易 #经济 #),抖音,金融经济,进出口,2327,top_liked
四十年啊，终于从衬衫袜子走到了半导体芯片出口[流泪]，了不起[赞][赞][赞],,四十年啊，终于从衬衫袜子走到了半导体芯片出口[流泪]，了不起[赞][赞][赞] (来源: 4 月出口继续 crazy，就是实力，别说什么抢出口效应了。),抖音,金融经济,进出口,2118,top_liked
好家伙，出口最多的清一色电池、电车、半导体、机电产品啊！[看][看][看],,好家伙，出口最多的清一色电池、电车、半导体、机电产品啊！[看][看][看] (来源: 4 月出口继续 crazy，就是实力，别说什么抢出口效应了。),抖音,金融经济,进出口,1959,top_liked
另外还有一个原因，就是过去几年集装箱不够用，我们加班加点给新造了一大批…,,另外还有一个原因，就是过去几年集装箱不够用，我们加班加点给新造了一大批… (来源: 外贸出口不行了？事实，是这样的 #财经 #商业),抖音,金融经济,进出口,1626,top_liked
十年前，我爸的朋友跟我们说他每年买两斤黄金，叫我们也买，我爸没听[贴贴],,十年前，我爸的朋友跟我们说他每年买两斤黄金，叫我们也买，我爸没听[贴贴] (来源: 当你有个懂金融的老爸(58期)黄金还会不会涨？ #老爸白话  #经济  #财经知识 #黄金 #美元),抖音,金融经济,黄金,1625,top_liked
内容感觉九哥真做过外贸。[灵机一动][灵机一动] 视频内容比较基础。但是结合其他视频 贸易 人性 策略 都很符合人性和商业本质。,,"内容感觉九哥真做过外贸。[灵机一动][灵机一动] 视频内容比较基础。但是结合其他视频 贸易 人性 策略 都很符合人性和商业本质。 (来源: 24分钟，详细科普：零基础外贸起步➕进阶百万年薪教程，完整未删减版㊙️ 
#原创 #外贸出口 #外贸 #99年的老男人 )",抖音,金融经济,进出口,1357,top_liked
期初，大家认为神秘复苏是个玩笑话[看],,期初，大家认为神秘复苏是个玩笑话[看] (来源: 当你有个懂金融的老爸(58期)黄金还会不会涨？ #老爸白话  #经济  #财经知识 #黄金 #美元),抖音,金融经济,黄金,1149,top_liked
一旦东南亚的产业链规划开始落地 不会有回头路的啊……到时候可就没转寰的余地了,,一旦东南亚的产业链规划开始落地 不会有回头路的啊……到时候可就没转寰的余地了 (来源: 没什么好避讳的，进出口数据就是在走弱，但这样的成绩还算不错，我们也需要正视挑战#我在抖音说财经 #进出口贸易 #经济 #),抖音,金融经济,进出口,1074,top_liked
你好博主，我儿子正在高考，以后想做这行，但又马上面临报考大学，不知道什么大学和这行挂钩有推荐的吗？[感谢],,你好博主，我儿子正在高考，以后想做这行，但又马上面临报考大学，不知道什么大学和这行挂钩有推荐的吗？[感谢] (来源: 2026年，新外贸怎么干？ #新外贸 #外贸 #出口 #一带一路 #赚钱思维),抖音,金融经济,进出口,1011,top_liked
现在国内的长途卡车也是一样的状态[流泪]运费低的不够分期不够家庭开支,,现在国内的长途卡车也是一样的状态[流泪]运费低的不够分期不够家庭开支 (来源: 外贸出口不行了？事实，是这样的 #财经 #商业),抖音,金融经济,进出口,903,top_liked
8年外贸过路人，博主说的没错，但是呢，新手还是先去公司学习一两年，实操出实际[比心],,"8年外贸过路人，博主说的没错，但是呢，新手还是先去公司学习一两年，实操出实际[比心] (来源: 20分钟，12000字，了解外贸生意的8个关键流程，
一篇视频，让外贸新手从入门到精通
#外贸 #外贸出口 #外贸怎么做)",抖音,金融经济,进出口,830,top_liked
老客户出货正常，新客户不稳定。。。,,老客户出货正常，新客户不稳定。。。 (来源: 外贸出口不行了？事实，是这样的 #财经 #商业),抖音,金融经济,进出口,773,top_liked
我们担忧的是趋势一旦形成想扭转回来就难了,,我们担忧的是趋势一旦形成想扭转回来就难了 (来源: 没什么好避讳的，进出口数据就是在走弱，但这样的成绩还算不错，我们也需要正视挑战#我在抖音说财经 #进出口贸易 #经济 #),抖音,金融经济,进出口,721,top_liked
"1.0 就是把外国人叫到中国来成交
2.0 就是把客户放在线上成交
3.0 就是要自己走出国门去外国当地成交
这么总结没毛病吧，但是 3.0 也算重投了啊，想轻",,"1.0 就是把外国人叫到中国来成交
2.0 就是把客户放在线上成交
3.0 就是要自己走出国门去外国当地成交
这么总结没毛病吧，但是 3.0 也算重投了啊，想轻创业的基本不可能了 (来源: 中国下一代有钱人一定是做外贸3.0模式的，而不是外贸1.0#外贸#外贸人#新外贸#传统外贸#外贸社媒)",抖音,金融经济,进出口,696,top_liked
在深圳呆了10年了，想问一下乡党们，西安工资还是3500吗，可以回去了吗[泣不成声],,在深圳呆了10年了，想问一下乡党们，西安工资还是3500吗，可以回去了吗[泣不成声] (来源: 出口暴增85.2%！不沿边不靠海的陕西，凭什么成为外贸“新王”？#零距离看懂财经),抖音,金融经济,进出口,672,top_liked
所有的前提是英语口语要过得去  然后找一个能接受零经验的外贸公司上班 公司会有人带 上手很快的 专业方面的英文个把月也就会了 流程讲起来复杂 实际操作很简单 做,,"所有的前提是英语口语要过得去  然后找一个能接受零经验的外贸公司上班 公司会有人带 上手很快的 专业方面的英文个把月也就会了 流程讲起来复杂 实际操作很简单 做外贸最重要是性格要好 要外向 跟客户慢慢处成朋友 生意就好做了 (来源: 20分钟，12000字，了解外贸生意的8个关键流程，
一篇视频，让外贸新手从入门到精通
#外贸 #外贸出口 #外贸怎么做)",抖音,金融经济,进出口,649,top_liked
《玖富传》原版 推荐看看 唯一真实的创业,,"《玖富传》原版 推荐看看 唯一真实的创业 (来源: 24分钟，详细科普：零基础外贸起步➕进阶百万年薪教程，完整未删减版㊙️ 
#原创 #外贸出口 #外贸 #99年的老男人 )",抖音,金融经济,进出口,54,random
不会跌了后面要大涨,,不会跌了后面要大涨 (来源: 近期黄金大跌绝非偶然，当下该跑还是抄底？ #金价 #资产管理 #财经 #郎咸平 #京鼎世家),抖音,金融经济,黄金,0,random
抄底恒生科技[酷拽][酷拽][酷拽],,抄底恒生科技[酷拽][酷拽][酷拽] (来源: 欧日抢跑，美国加息回马枪！索罗斯幽灵重出江湖，亚太金融风暴？ #热点零距离#零距离看懂财经),抖音,金融经济,日本加息,0,random
和200年前的广州十三行一样，是全球集散中心，,,和200年前的广州十三行一样，是全球集散中心， (来源: 义乌进口暴增50%，中国人开始“买全球”了？ #义务无中生有的奇迹 #燃起来了大国重器 #真财实学计划 #义务发展经验 ),抖音,金融经济,进出口,2,random
让我想到了老外的一个节目，低价出售没人接收的集装箱盲盒,,让我想到了老外的一个节目，低价出售没人接收的集装箱盲盒 (来源: 进出口贸易 进出口的箱子有15%是空的？ #进出口贸易 #国际贸易 #洗钱 #揭秘骗局),抖音,金融经济,进出口,3,random
不用怀疑苏州，也不要对苏州有敌意，苏州目前有可能是2500多年建城史以来最差的时期之一，历史上的苏州更强,,不用怀疑苏州，也不要对苏州有敌意，苏州目前有可能是2500多年建城史以来最差的时期之一，历史上的苏州更强 (来源: 苏州外贸反超山东，实力到底有多强? #苏州#山东#江苏#外贸#经济),抖音,金融经济,进出口,52,random
24年8月那一次不是a股历史大涨吗,,24年8月那一次不是a股历史大涨吗 (来源: 日元跌成最弱货币，日本可能拉全世界下水，中国会受到影响吗？ #零距离看懂财经 #燃起来了大国重器 #真财实学计划 #日本),抖音,金融经济,日本加息,0,random
满仓 不知道要不要减半仓[泣不成声],,满仓 不知道要不要减半仓[泣不成声] (来源: 持币过节还是持股过节#股民),抖音,金融经济,日本加息,1,random
网络怎么搞啊,,"网络怎么搞啊 (来源: 30分钟，我们来讲一下外贸到底怎么做？新手做外贸应该从哪开始？
#外贸 #外贸怎么做 #外贸怎么找客户 #外贸新手)",抖音,金融经济,进出口,0,random
白银这波太猛了。最近老是被套。把握不住,,白银这波太猛了。最近老是被套。把握不住 (来源: 连续18个月不停手，金看懂央行购金逻辑 #黄金 #白银 #贵金属 #央行购金 #投资),抖音,金融经济,央行购金,0,random
别听她的，2020年听她分析房地产信了投资买房，竟然买到了最高点，去年卖了，赔好多,,别听她的，2020年听她分析房地产信了投资买房，竟然买到了最高点，去年卖了，赔好多 (来源: 第1466期：央行连续13个月增持黄金，释放了什么信号？ 央行购金策略给我们什么启示？#燃起来了大国重器 #黄金 #零距),抖音,金融经济,央行购金,109,random
先缴税后退税 对的。很多人以为退税是利润[捂脸]其实不是的,,先缴税后退税 对的。很多人以为退税是利润[捂脸]其实不是的 (来源: 一个视频讲清楚出口报关，买单报关，代理进出口，出口退税 #买单报关 #万里汇外贸收款 #出口退税),抖音,金融经济,进出口,2,random
我们存款率越来越高，怎么刺激都没起效。疫情那几年消耗不少地方资金，没法长时间补贴消费,,我们存款率越来越高，怎么刺激都没起效。疫情那几年消耗不少地方资金，没法长时间补贴消费 (来源: 金融危机要来了吗？ #加息 #美元 #美国 #日本),抖音,金融经济,日本加息,0,random
🤔尾盘 铜冠铜箔 跳水！高位二三线AI材料龙头要分化、获利回吐吧,,🤔尾盘 铜冠铜箔 跳水！高位二三线AI材料龙头要分化、获利回吐吧 (来源: A股涨跌不一 AI产业链继续强者恒强，日本加息25个基点股指突破7万点#股票 #AI #科技 #日经指数 #马斯克),抖音,金融经济,日本加息,1,random
我有网络，可以帮你们解决网络问题,,我有网络，可以帮你们解决网络问题 (来源: 如果我一个人开始做外贸我会怎么做呢#外贸出口 #社媒开发国外客户 #外贸人 #外贸工厂),抖音,金融经济,进出口,0,random
大家都不沾[躺平],,大家都不沾[躺平] (来源: 专门针对我国网民“银狐”#木马 出新变种，微信、QQ、飞书、钉钉疯狂传播#吉网主播说新闻 #办公软件现银狐木马新变种),抖音,网络安全,银狐病毒,6139,top_liked
那还用点吗？手一抖一晃都不知道跳哪去了，,,那还用点吗？手一抖一晃都不知道跳哪去了， (来源: 专门针对我国网民“银狐”#木马 出新变种，微信、QQ、飞书、钉钉疯狂传播#吉网主播说新闻 #办公软件现银狐木马新变种),抖音,网络安全,银狐病毒,564,top_liked
有没有看到这个以为是银狼的，开拓者们，北派银狐[黑脸][比心],,有没有看到这个以为是银狼的，开拓者们，北派银狐[黑脸][比心] (来源: 网警安全哨之银狐木马病毒 #安全 #银狐木马病毒),抖音,网络安全,银狐病毒,403,top_liked
把工作群 全退了！,,把工作群 全退了！ (来源: “银狐”木马来袭，警惕微信中来历不明文件。 #银狐木马病毒 #网络病毒 #网络安全),抖音,网络安全,银狐病毒,402,top_liked
针对我国？[不是吧]这是敌对行为了，国安应该管了！,,针对我国？[不是吧]这是敌对行为了，国安应该管了！ (来源: 当心“银狐”木马病毒攻击！陌生文件切勿随意打开（央视频号：新闻来了）),抖音,网络安全,银狐病毒,312,top_liked
这种带病毒的网站，排名能排第二，百度不负责任吗？,,"这种带病毒的网站，排名能排第二，百度不负责任吗？ (来源: #木马 #银狐病毒 #Bing
银狐病毒就是这么来的，Bing我一直在用，手机电脑都是Bing。头一次中招，没想到Bin)",抖音,网络安全,银狐病毒,207,top_liked
[笑哭]笑死了，我之前两任老板做电商的根本不会给裁员补偿，让我们有本事就去仲裁，他说反正他都要给那么多钱，就是要拖你到二审，还说大不了公司关了[笑哭]那个病毒伪,,[笑哭]笑死了，我之前两任老板做电商的根本不会给裁员补偿，让我们有本事就去仲裁，他说反正他都要给那么多钱，就是要拖你到二审，还说大不了公司关了[笑哭]那个病毒伪装裁员补偿我就想笑 (来源: 当心“银狐”木马病毒攻击！陌生文件切勿随意打开（央视频号：新闻来了）),抖音,网络安全,银狐病毒,94,top_liked
监控我干啥？[你不大行]品鉴我的浏览器收藏吗,,监控我干啥？[你不大行]品鉴我的浏览器收藏吗 (来源: 电脑总卡的兄弟注意了 你的电脑很可能被黑客远程监控了 #steam游戏 #单机游戏),抖音,网络安全,银狐病毒,87,top_liked
医院才是重点泄露公民信息地点……前天去医院检查，证件一刷所有信息都出来了，家庭住址所有的信息……太可怕了。,,医院才是重点泄露公民信息地点……前天去医院检查，证件一刷所有信息都出来了，家庭住址所有的信息……太可怕了。 (来源: #国家计算机病毒应急处理中心发布预警   #高度警惕银狐木马病毒新变种！#银狐木马病毒新变种可远程控制电脑),抖音,网络安全,银狐病毒,80,top_liked
[微笑]360，氪个金直接给对面灰都扬了,,[微笑]360，氪个金直接给对面灰都扬了 (来源: 电脑总卡的兄弟注意了 你的电脑很可能被黑客远程监控了 #steam游戏 #单机游戏),抖音,网络安全,银狐病毒,76,top_liked
我们爆枪英雄玩家笑出了声。,,我们爆枪英雄玩家笑出了声。 (来源: 网警安全哨之银狐木马病毒 #安全 #银狐木马病毒),抖音,网络安全,银狐病毒,73,top_liked
我之前电脑就是中了银狐病毒，用我微信给我好几个群发诈骗信息然后退群，气死我了好几个有用的群没了，后来用杀毒软件杀掉了，开始连杀毒软件都打不开[微笑],,我之前电脑就是中了银狐病毒，用我微信给我好几个群发诈骗信息然后退群，气死我了好几个有用的群没了，后来用杀毒软件杀掉了，开始连杀毒软件都打不开[微笑] (来源: 警惕！近期针对我国用户的#银狐木马病毒出现新变种，微信群里这种通知千万别点 #反诈),抖音,网络安全,银狐病毒,64,top_liked
这是什么时候的消息[不是吧],,这是什么时候的消息[不是吧] (来源: 网警安全哨之银狐木马病毒 #安全 #银狐木马病毒),抖音,网络安全,银狐病毒,58,top_liked
用哪种杀毒软件呢？[熊吉],,用哪种杀毒软件呢？[熊吉] (来源: 网警安全哨之银狐木马病毒 #安全 #银狐木马病毒),抖音,网络安全,银狐病毒,46,top_liked
我电脑，全是游戏，鱼都钓不上来[捂脸][捂脸],,我电脑，全是游戏，鱼都钓不上来[捂脸][捂脸] (来源: 当心“银狐”木马病毒攻击！陌生文件切勿随意打开（央视频号：新闻来了）),抖音,网络安全,银狐病毒,46,top_liked
不怕不怕，我有国家防诈APP哦[耶],,不怕不怕，我有国家防诈APP哦[耶] (来源: 网警安全哨之银狐木马病毒 #安全 #银狐木马病毒),抖音,网络安全,银狐病毒,43,top_liked
91和糖心应该没问题吧[黑脸],,91和糖心应该没问题吧[黑脸] (来源: “银狐”木马来袭，警惕微信中来历不明文件。 #银狐木马病毒 #网络病毒 #网络安全),抖音,网络安全,银狐病毒,41,top_liked
要是侵入我的手机电脑窃取银行卡密码啥的能帮忙还款嘛[抠鼻],,要是侵入我的手机电脑窃取银行卡密码啥的能帮忙还款嘛[抠鼻] (来源: “银狐”木马来袭，警惕微信中来历不明文件。 #银狐木马病毒 #网络病毒 #网络安全),抖音,网络安全,银狐病毒,36,top_liked
有没有看到这个以为是银狼的，开拓者们,,有没有看到这个以为是银狼的，开拓者们 (来源: 网警安全哨之银狐木马病毒 #安全 #银狐木马病毒),抖音,网络安全,银狐病毒,31,top_liked
首选卡巴，国产360极速 请不要指望火珑,,首选卡巴，国产360极速 请不要指望火珑 (来源: 电脑总卡的兄弟注意了 你的电脑很可能被黑客远程监控了 #steam游戏 #单机游戏),抖音,网络安全,银狐病毒,30,top_liked
防不如治[尬笑],,防不如治[尬笑] (来源: “银狐”木马来袭，警惕微信中来历不明文件。 #银狐木马病毒 #网络病毒 #网络安全),抖音,网络安全,银狐病毒,1,random
25年十月份就中过，我直接重置就好了[看],,25年十月份就中过，我直接重置就好了[看] (来源: 电脑总卡的兄弟注意了 你的电脑很可能被黑客远程监控了 #steam游戏 #单机游戏),抖音,网络安全,银狐病毒,2,random
[赞][赞][赞][666][666][666],,[赞][赞][赞][666][666][666] (来源: 吉林市公安机关网安部门主动出击，成功侦破系列“银狐”木马网络犯罪案件，坚决打击此类新型涉网违法犯罪嚣张气焰，全力守护人民),抖音,网络安全,银狐病毒,0,random
求一份,,求一份 (来源: 银狐木马是如何导致杀软集体瘫痪 银狐木马是如何导致杀软集体瘫痪？带你一起寻找答案。#网络安全 #木马 #病毒 #黑客 #),抖音,网络安全,银狐病毒,0,random
这病毒很强大了，但是没有改管理员权限依旧路边[捂脸],,这病毒很强大了，但是没有改管理员权限依旧路边[捂脸] (来源: 什么？10款杀毒软件 PK 超强注入银狐，谁能保护我的电脑？ #电脑 #电脑病毒 #杀毒软件 #火绒 #360安全卫士),抖音,网络安全,银狐病毒,9,random
愿红客们联合打败间谍[感谢][感谢][感谢][赞][赞][赞][赞],,愿红客们联合打败间谍[感谢][感谢][感谢][赞][赞][赞][赞] (来源: 犯我中华者，虽远必诛 #红客#黑客联盟##网络安全 #银狐病毒 #黑客),抖音,网络安全,银狐病毒,18,random
你这是怕让人看别人的裁员补偿吗,,你这是怕让人看别人的裁员补偿吗 (来源: 今天，“保密观”微信公众号发文提醒——近日，国家计算机病毒应急处理中心发布预警通报指出，专门针对我国网络用户的“银狐”木),抖音,网络安全,银狐病毒,0,random
[赞][赞][赞],,[赞][赞][赞] (来源: 【大东山水迎天下】吉林公安网安部门侦破陈某等人制作“银狐”木马病毒案。（吉林市融媒体中心记者：李婉宁  编辑：刘阳 初审),抖音,网络安全,银狐病毒,0,random
微信群里有人发一个文件出来，所有人自动中毒，微信默认小文件自动下载，尤其是电脑微信，默认小于200mb文件自动下载，直接中招,,微信群里有人发一个文件出来，所有人自动中毒，微信默认小文件自动下载，尤其是电脑微信，默认小于200mb文件自动下载，直接中招 (来源: 银狐病毒又来了，这次你中招了吗 #网络安全 #计算机 #编程 #电脑病毒 #银狐木马),抖音,网络安全,银狐病毒,2,random
[看][看][看],,[看][看][看] (来源: 紧急预警！新型“银狐木马”变种来袭，你的电脑可能已成肉鸡！ #银狐木马 #网络安全 #知识科普 共创伙伴@观辰网安),抖音,网络安全,银狐病毒,1,random
取消智能手机吧！自从有了智能手机   感觉到了世界末日,,取消智能手机吧！自从有了智能手机   感觉到了世界末日 (来源: 紧急预警！“银狐”木马出新变种，在微信、QQ、飞书、钉钉疯狂传播（来源：新黄河 编辑安安 潘雯 张大彪）),抖音,网络安全,银狐病毒,1,random
[赞][赞][赞][赞][赞][赞],,[赞][赞][赞][赞][赞][赞] (来源: 银狐木马是如何导致杀软集体瘫痪 银狐木马是如何导致杀软集体瘫痪？带你一起寻找答案。#网络安全 #木马 #病毒 #黑客 #),抖音,网络安全,银狐病毒,0,random
别360了，中了银狐病毒，360你打开，他自动酒立马给你关掉,,别360了，中了银狐病毒，360你打开，他自动酒立马给你关掉 (来源: #国家计算机病毒应急处理中心发布预警   #高度警惕银狐木马病毒新变种！#银狐木马病毒新变种可远程控制电脑),抖音,网络安全,银狐病毒,4,random
某市级、州级单位号称钉钉最安全的办公通讯软件，强制要求使用怕什么？,,某市级、州级单位号称钉钉最安全的办公通讯软件，强制要求使用怕什么？ (来源: 今天，“保密观”微信公众号发文提醒——近日，国家计算机病毒应急处理中心发布预警通报指出，专门针对我国网络用户的“银狐”木),抖音,网络安全,银狐病毒,1,random
我给你等着,,我给你等着 (来源: 《原神》空月之歌PV——「月夜的叙事诗」),B站,其他,原神空月之歌,186973,top_liked
俺们老须唯一的长生种战力也跑了[来古-注意],,俺们老须唯一的长生种战力也跑了[来古-注意] (来源: 《原神》空月之歌PV——「月夜的叙事诗」),B站,其他,原神空月之歌,28138,top_liked
真没想到一个五年老游，经历了那么多起起伏伏，还能给人心潮澎湃的感觉，这种万千线索汇聚离真相越来越近的感觉真的好爽，剧情游戏一定得要有剧本的含金量还在上升[笑哭],,真没想到一个五年老游，经历了那么多起起伏伏，还能给人心潮澎湃的感觉，这种万千线索汇聚离真相越来越近的感觉真的好爽，剧情游戏一定得要有剧本的含金量还在上升[笑哭] (来源: 《原神》空月之歌PV——「月夜的叙事诗」),B站,其他,原神空月之歌,25581,top_liked
公子：挪德卡莱这地儿有多怪呢？少女要回收，西风骑士团在这活动，臭名昭著的博士也大驾光临。各路人马共襄盛举。你就是现在告诉我那个空了几百年的第六席来了我都信。,,公子：挪德卡莱这地儿有多怪呢？少女要回收，西风骑士团在这活动，臭名昭著的博士也大驾光临。各路人马共襄盛举。你就是现在告诉我那个空了几百年的第六席来了我都信。 (来源: 《原神》空月之歌PV——「月夜的叙事诗」),B站,其他,原神空月之歌,19121,top_liked
简介里木偶前缀是愚人众执行官，而少女前缀不一样，是否说明她脱离愚人众了[思考],,简介里木偶前缀是愚人众执行官，而少女前缀不一样，是否说明她脱离愚人众了[思考] (来源: 《原神》空月之歌PV——「月夜的叙事诗」),B站,其他,原神空月之歌,18190,top_liked
"崩铁新主线:因为太阳将要毁伤
原神新主线:因为月亮将要坠落
[doge]",,"崩铁新主线:因为太阳将要毁伤
原神新主线:因为月亮将要坠落
[doge] (来源: 《原神》空月之歌PV——「月夜的叙事诗」)",B站,其他,原神空月之歌,16707,top_liked
这才是真正的音乐[打call][打call][打call],,这才是真正的音乐[打call][打call][打call] (来源: 《原神》挪德卡莱音乐现场),B站,其他,原神空月之歌,13827,top_liked
少女冬夜pv和空月pv封面都是她，这含金量,,少女冬夜pv和空月pv封面都是她，这含金量 (来源: 《原神》空月之歌PV——「月夜的叙事诗」),B站,其他,原神空月之歌,12734,top_liked
我真不行了，我中土粉，也是原神四年玩家，我圈和原神有一个很神奇的共性就是想要彻底的讲明白一件事就一定会倒回开天辟地开始讲哈哈哈哈[笑哭],,我真不行了，我中土粉，也是原神四年玩家，我圈和原神有一个很神奇的共性就是想要彻底的讲明白一件事就一定会倒回开天辟地开始讲哈哈哈哈[笑哭] (来源: 肝了200小时！原神的剧情竟然发展到这个程度了？！带你一口气1小时速览5年剧情),B站,其他,原神空月之歌,11721,top_liked
你知道的， 这当然是一个无比艰难的决定，离开原神，但是你要知道真的很难拒绝空月之歌的邀请，我和原神确实是好伙伴，我们曾经并肩作战，我和空月之歌早就认识了，这家伙,,你知道的， 这当然是一个无比艰难的决定，离开原神，但是你要知道真的很难拒绝空月之歌的邀请，我和原神确实是好伙伴，我们曾经并肩作战，我和空月之歌早就认识了，这家伙强得不可思议，我们二人可以产生很好的化学反应。做出这个决定真的很难，我将把天赋带到挪德卡莱，加盟空月之歌。[doge] (来源: 《原神》空月之歌PV——「月夜的叙事诗」),B站,其他,原神空月之歌,10137,top_liked
爱丽丝这个镂空魔女帽的设计还真是挺独特的,,爱丽丝这个镂空魔女帽的设计还真是挺独特的 (来源: 《原神》空月之歌PV——「月夜的叙事诗」),B站,其他,原神空月之歌,9881,top_liked
请欧若拉来太对了！！！她的风格曲目和月完美契合，本身也是北欧人，冰雪奇缘二的主题曲就是她唱的，之前光遇和她联动的时候全员好评，Cure For Me基本大家都听,,请欧若拉来太对了！！！她的风格曲目和月完美契合，本身也是北欧人，冰雪奇缘二的主题曲就是她唱的，之前光遇和她联动的时候全员好评，Cure For Me基本大家都听过，真的曲风和声音可以完美诠释这一次的主题 (来源: 《原神》挪德卡莱音乐现场),B站,其他,原神空月之歌,9705,top_liked
多么美妙的音乐，如果每天给我家的蔬菜听，他们应该也会很开心,,多么美妙的音乐，如果每天给我家的蔬菜听，他们应该也会很开心 (来源: 《原神》挪德卡莱音乐现场),B站,其他,原神空月之歌,9246,top_liked
众所周知，米游的太阳和月亮都是高危职业,,众所周知，米游的太阳和月亮都是高危职业 (来源: 《原神》空月之歌PV——「月夜的叙事诗」),B站,其他,原神空月之歌,8549,top_liked
"记得星轨王城的星空有三颗星星被童话杜林拍下去了，是不是可以反过来对应提瓦特的三月全部坠落？
希穆兰卡映射论的含金量还在提高[doge]",,"记得星轨王城的星空有三颗星星被童话杜林拍下去了，是不是可以反过来对应提瓦特的三月全部坠落？
希穆兰卡映射论的含金量还在提高[doge] (来源: 《原神》空月之歌PV——「月夜的叙事诗」)",B站,其他,原神空月之歌,8284,top_liked
起初人们以为这只是一次普通的版本前瞻,,起初人们以为这只是一次普通的版本前瞻 (来源: 新主线响起挪德卡莱主题曲的那一刻，空月之歌正式封神！),B站,其他,原神空月之歌,8161,top_liked
冷知识：博士的切片manID叫多托雷，刚盒出来叫赞迪克是须弥人。,,冷知识：博士的切片manID叫多托雷，刚盒出来叫赞迪克是须弥人。 (来源: 《原神》空月之歌PV——「月夜的叙事诗」),B站,其他,原神空月之歌,8128,top_liked
以及既然法尔加都出场了，是不是能解决蒙德的奔狼岭没有狼，骑兵队长没有马的窘境了呢？[doge],,以及既然法尔加都出场了，是不是能解决蒙德的奔狼岭没有狼，骑兵队长没有马的窘境了呢？[doge] (来源: 《原神》空月之歌PV——「月夜的叙事诗」),B站,其他,原神空月之歌,7834,top_liked
盲猜少女开大是“恭听月亮的轰鸣”，然后将月亮砸下来[doge_金箍],,盲猜少女开大是“恭听月亮的轰鸣”，然后将月亮砸下来[doge_金箍] (来源: 《原神》空月之歌PV——「月夜的叙事诗」),B站,其他,原神空月之歌,7832,top_liked
李四维不是普通员工，他是有股份的，可以说是一个小股东，李四维有一辆911，还玩摩托车。而且他还不是吃闲饭的，Tim说四维来了以后，拉的商业都多了好几倍[脱单do,,李四维不是普通员工，他是有股份的，可以说是一个小股东，李四维有一辆911，还玩摩托车。而且他还不是吃闲饭的，Tim说四维来了以后，拉的商业都多了好几倍[脱单doge][脱单doge]唯一能杠的可能就是头发不多[doge][doge] (来源: 电车vs油车，四轮vs两轮，公司里的大家更喜欢开什么车？),B站,其他,新能源车,7754,top_liked
主线很简单，只要你完成了九年义务教育，且态度端正地认真看了文案，很容易理解（为什么强调态度端正？因为很多人连主线文案都不好好看，这已经是最容易理解的故事了，真1,,"主线很简单，只要你完成了九年义务教育，且态度端正地认真看了文案，很容易理解（为什么强调态度端正？因为很多人连主线文案都不好好看，这已经是最容易理解的故事了，真12+的水平）。

大部分的世界任务也好理解，多数篇幅不大，只是一些超大规格的长篇世界任务会比较难，比如水仙十字结社这种，人物关系复杂，人名难记，且涉及到神秘学和哲学意象，用词很翻译腔，而且这种任务基本上都是16+的水平，这种任务的目的是地图探索，展现该国家的历史以及延申原神的世界观，如果你是剧情党，那么这种任务非常的重要，可以说是必做。做这样的任务差不多要8-10个小时的时间。

最难理解的就是散落的文本，包括书籍，武器，圣遗物，以及地 (来源: 大名鼎鼎的《原神》讲了个啥！？万字回顾《原神》背景设定以及六国主线！！助你快速入坑回坑！！！)",B站,其他,原神空月之歌,42,random
黎曼猜想比这牛笔多了，黎曼猜想错了物理学大厦的其中一个根基就动摇了，各种定律全部都得重新推翻，还能解开量子力学的奥秘。直接比肩牛顿爱因斯坦,,黎曼猜想比这牛笔多了，黎曼猜想错了物理学大厦的其中一个根基就动摇了，各种定律全部都得重新推翻，还能解开量子力学的奥秘。直接比肩牛顿爱因斯坦 (来源: 唯一一个让杨振宁都惊艳的天才！数学皇帝丘成桐，破解5个世界顶级猜想难题),B站,其他,丘成桐,17,random
一定要坚持更下去啊[打call],,一定要坚持更下去啊[打call] (来源: 【4K】《原神：空月之歌》纯剧情+过场动画（6.3已更新）),B站,其他,原神空月之歌,18,random
真想学，但是1.看到路上电车还不够多，2.还有别人说车厂或四S店垄断，说在外修不承保，吓得车主不敢外面修，所以修电车没市场。  这两点原因我不敢去投资学修车，请,,真想学，但是1.看到路上电车还不够多，2.还有别人说车厂或四S店垄断，说在外修不承保，吓得车主不敢外面修，所以修电车没市场。  这两点原因我不敢去投资学修车，请大家说说到底咋样？ (来源: 新能源汽车维修入门到精通),B站,其他,新能源车,63,random
皇帝[打call][打call][打call],,皇帝[打call][打call][打call] (来源: 数学家-丘成桐：不要魔化北大“韦神”现象！),B站,其他,丘成桐,46,random
L07车主路过，开始想入L06，但是L07优惠下来跟L06价格一样（主要是L06不给优惠），看完视频发现l07除了没有l06的城区noa以外，其他的还是比l06,,L07车主路过，开始想入L06，但是L07优惠下来跟L06价格一样（主要是L06不给优惠），看完视频发现l07除了没有l06的城区noa以外，其他的还是比l06好很多，空间更大，掀背尾门，华为ads用起来体验似乎比l06的更好一些（除了没有城区noa） (来源: 6500公里用车体验报告！13万的深蓝L06除了智驾，其他表现如何？),B站,其他,新能源车,16,random
求真学院的同学不允许打手枪,,求真学院的同学不允许打手枪 (来源: 丘成桐到底有多厉害),B站,其他,丘成桐,12,random
[银魂_justaway]b站已被评论机器人占领,,[银魂_justaway]b站已被评论机器人占领 (来源: 一期视频告诉你 小米YU7 和 Model Y 该怎么选？),B站,其他,新能源车,4,random
仙之巅，傲世间！有我邱帝便有天！[给心心],,仙之巅，傲世间！有我邱帝便有天！[给心心] (来源: 专访丘成桐),B站,其他,丘成桐,2,random
这是我的人生第一辆新能源[doge][doge],,这是我的人生第一辆新能源[doge][doge] (来源: 人生第一台新能源，怎么选？),B站,其他,新能源车,450,random
[脸红]有种回来开小号重新玩的冲动，谁来劝劝我,,[脸红]有种回来开小号重新玩的冲动，谁来劝劝我 (来源: 大名鼎鼎的《原神》讲了个啥！？万字回顾《原神》背景设定以及六国主线！！助你快速入坑回坑！！！),B站,其他,原神空月之歌,36,random
想起丘老去年因为姜萍事件暗讽达摩院的比赛权威性被冲的新闻[doge],,想起丘老去年因为姜萍事件暗讽达摩院的比赛权威性被冲的新闻[doge] (来源: 李永乐对谈数学家丘成桐：聊数学，聊教育，给年轻人一些建议……丨20250306),B站,其他,丘成桐,52,random
触发什么关键词了，短短30条评论，就俩人发奖励华为手表?,,触发什么关键词了，短短30条评论，就俩人发奖励华为手表? (来源: 隐藏的维度，丘成桐的选择，以及卡拉比猜想),B站,其他,丘成桐,95,random
哈哈，其实燃料电池不是电池，是一种发电装置，只是名字叫电池[脱单doge],,哈哈，其实燃料电池不是电池，是一种发电装置，只是名字叫电池[脱单doge] (来源: 新能源细分行业解析！一口气看完！｜动力电池 光伏 风电 储能 锂电池 氢能源 汽车零部件 电动汽车),B站,其他,新能源车,51,random
[doge]十万当然是选吉利帝豪l hip ……,,[doge]十万当然是选吉利帝豪l hip …… (来源: 10~30万新能源SUV差距有多大？),B站,其他,新能源车,118,random
资产=负债+所有者权益。本题中小明开始的资产为0元，负债为0，所有者权益为0；借款1000元后，资产为1000元现金，负债1000，所有者权益0；买鞋后，100,,资产=负债+所有者权益。本题中小明开始的资产为0元，负债为0，所有者权益为0；借款1000元后，资产为1000元现金，负债1000，所有者权益0；买鞋后，1000元现金资产变为970的实物资产鞋和30元的现金资产，负债依然1000元；还给爸妈20元后，有10元的现金资产和970的实物资产鞋，负债减少为980元。将负债的980和现金资产的10元相加没有一个明确的意义。 (来源: 当数学大师丘成桐遇到“网红数学题”，他的回答竟然是：我们数学家对加减乘除不太懂的……),抖音,其他,丘成桐,30093,top_liked
"这么说吧。一般提到丘老的时候都会提一个词。
学阀
数学史史无前例前无古人的真一手遮天的人物",,"这么说吧。一般提到丘老的时候都会提一个词。
学阀
数学史史无前例前无古人的真一手遮天的人物 (来源: 连杨振宁都惊艳的天才！数学宗师丘成桐，破解5个世界顶级猜想 #科学高光故事集 #数学家 #知识以卑鄙的手段进入了脑海里 )",抖音,其他,丘成桐,23162,top_liked
40年来他在清华，浙江大学，东南大学等7所高校创立研究中心。。评论区的大神们,,40年来他在清华，浙江大学，东南大学等7所高校创立研究中心。。评论区的大神们 (来源: 著名数学家丘成桐全职任教清华！曾多次表示“要在中国培养出最顶尖的数学家”),抖音,其他,丘成桐,8703,top_liked
对呀，哪去了呢[不是吧],,对呀，哪去了呢[不是吧] (来源: 当数学大师丘成桐遇到“网红数学题”，他的回答竟然是：我们数学家对加减乘除不太懂的……),抖音,其他,丘成桐,8441,top_liked
"1. **初始借款**：小明向父母各借500元，共1000元。

2. **支出与剩余**：  
   - 花费970元买鞋，剩余30元。  
   - 还给父",,"1. **初始借款**：小明向父母各借500元，共1000元。

2. **支出与剩余**：  
   - 花费970元买鞋，剩余30元。  
   - 还给父母各10元（共20元），自己留下10元。  
   - **此时实际债务**：欠父母各490元（500-10），总计980元。  
   - **剩余现金**：10元（在小明手中）。

3. **矛盾点**：  
   题目错误地将债务（980元）与剩余现金（10元）相加（980+10=990），得出与初始借款1000元不符的结论。但这一计算是逻辑陷阱，因为**剩余的10元本身已包含在债务中**。

4. **正确逻辑**：  
    (来源: 当数学大师丘成桐遇到“网红数学题”，他的回答竟然是：我们数学家对加减乘除不太懂的……)",抖音,其他,丘成桐,7632,top_liked
"进项：500+500出项：970+10+10余额：10关490什么事，490又不是出项[微笑][微笑][微笑]",,"进项：500+500出项：970+10+10余额：10关490什么事，490又不是出项[微笑][微笑][微笑] (来源: 当数学大师丘成桐遇到“网红数学题”，他的回答竟然是：我们数学家对加减乘除不太懂的……)",抖音,其他,丘成桐,7008,top_liked
以兴趣为主吧,,以兴趣为主吧 (来源: “如果一味让孩子做题考试，永远无法培养出数学大师。”数学家丘成桐院士希望年轻人不盲从，能够走出自己的道路。),抖音,其他,丘成桐,5567,top_liked
40年来，丘成桐在清华大学、浙江大学、东南大学等7所高校创建数学研究中心，筹建北京雁栖湖应用数学研究院，培养青年英才，担任主任不取分文薪酬。,,40年来，丘成桐在清华大学、浙江大学、东南大学等7所高校创建数学研究中心，筹建北京雁栖湖应用数学研究院，培养青年英才，担任主任不取分文薪酬。 (来源: 著名数学家丘成桐全职任教清华！曾多次表示“要在中国培养出最顶尖的数学家”),抖音,其他,丘成桐,5533,top_liked
我觉得顶端数学不强的原因是学数学时候老师没有告诉数学的底层逻辑，学的都是固有的解题方法,,我觉得顶端数学不强的原因是学数学时候老师没有告诉数学的底层逻辑，学的都是固有的解题方法 (来源: 丘成桐：中国数学的现状和将来。2024年4月30日丘成桐先生在华中科技大学关于“中国数学的现状和将来”讲座的PPT。#丘),抖音,其他,丘成桐,5521,top_liked
这么说吧，数学不好的才去学物理，这是当今数学家的顶峰[看],,这么说吧，数学不好的才去学物理，这是当今数学家的顶峰[看] (来源: 连杨振宁都惊艳的天才！数学宗师丘成桐，破解5个世界顶级猜想 #科学高光故事集 #数学家 #知识以卑鄙的手段进入了脑海里 ),抖音,其他,丘成桐,5050,top_liked
以后我说概率，也要精确到小数点后两位，这样显得我聪明一点[捂脸],,以后我说概率，也要精确到小数点后两位，这样显得我聪明一点[捂脸] (来源: 全省唯一！成都16岁高一学生保送清华大学，本硕博八年贯通培养，据采访，本次丘成桐数学竞赛第一批次，四川仅录取三人，三位同),抖音,其他,丘成桐,4642,top_liked
这不以前内燃机玩不明白的那些品牌嘛！[发呆],,这不以前内燃机玩不明白的那些品牌嘛！[发呆] (来源: 国产新能源的前身，你知道几个#汽车 #汽车知识 #说车聊车 #行车安全 #汽车保养与维修),抖音,其他,新能源车,4545,top_liked
我倒是想学数学可是脑子不允许,,我倒是想学数学可是脑子不允许 (来源: 顶尖数学家丘成桐寄语青少年：“希望他们为中国数学领先世界一起努力”#丘成桐寄语青少年引领世界数学 、#抖音夏日光合季 ),抖音,其他,丘成桐,4400,top_liked
这个是超级大神来的，一个人就是一个数学科学院,,这个是超级大神来的，一个人就是一个数学科学院 (来源: 著名数学家丘成桐全职任教清华！曾多次表示“要在中国培养出最顶尖的数学家”),抖音,其他,丘成桐,3960,top_liked
"给爸爸10块后，爸爸跟小明的债务关系是-490给妈妈10块后，妈妈跟小明的债务关系是-490小明现在手里剩余10块加上一双970的鞋子，所以小明手里剩余的物",,"给爸爸10块后，爸爸跟小明的债务关系是-490给妈妈10块后，妈妈跟小明的债务关系是-490小明现在手里剩余10块加上一双970的鞋子，所以小明手里剩余的物值为980。但由于这980都是负债得来的，所以不能跟爸妈的欠款比较所以2×490=980是负债，10块和970是可支配价值。双方相等。 (来源: 当数学大师丘成桐遇到“网红数学题”，他的回答竟然是：我们数学家对加减乘除不太懂的……)",抖音,其他,丘成桐,3489,top_liked
还是让孩子自愿不要逼着学，不然没效果，反而让他越来越厌恶,,还是让孩子自愿不要逼着学，不然没效果，反而让他越来越厌恶 (来源: “如果一味让孩子做题考试，永远无法培养出数学大师。”数学家丘成桐院士希望年轻人不盲从，能够走出自己的道路。),抖音,其他,丘成桐,3335,top_liked
"鞋➕10块＝980小明真要还清只需要把鞋退了就行",,"鞋➕10块＝980小明真要还清只需要把鞋退了就行 (来源: 当数学大师丘成桐遇到“网红数学题”，他的回答竟然是：我们数学家对加减乘除不太懂的……)",抖音,其他,丘成桐,3005,top_liked
这样的大师级人物不要说全职任教了，就是兼职都是国家重器，更何况40年来一直为国家奉献，值得尊敬[赞][赞][赞],,这样的大师级人物不要说全职任教了，就是兼职都是国家重器，更何况40年来一直为国家奉献，值得尊敬[赞][赞][赞] (来源: 著名数学家丘成桐全职任教清华！曾多次表示“要在中国培养出最顶尖的数学家”),抖音,其他,丘成桐,2841,top_liked
其实种地也可以吃饱[看],,其实种地也可以吃饱[看] (来源: #丘成桐 劝诫年轻人 努力就能治愈#精神内耗 #广东dou知道  ),抖音,其他,丘成桐,2525,top_liked
就是一个比老头乐大一点的电子产品。电子产品就是更新换代快啊,,就是一个比老头乐大一点的电子产品。电子产品就是更新换代快啊 (来源: 新能源乱象：库存暴涨，上下游压力暴增，研发投入与收入不成正比 #新能源汽车 #汽车 #三字车企 #恒大),抖音,其他,新能源车,4,random
老师，辛苦了[抱拳],,老师，辛苦了[抱拳] (来源: 著名数学家丘成桐全职任教清华！曾多次表示“要在中国培养出最顶尖的数学家”),抖音,其他,丘成桐,3,random
陈省身和丘成桐哪个更强？,,陈省身和丘成桐哪个更强？ (来源: 连杨振宁都惊艳的天才！数学宗师丘成桐，破解5个世界顶级猜想 #科学高光故事集 #数学家 #知识以卑鄙的手段进入了脑海里 ),抖音,其他,丘成桐,914,random
我才买的，终身质保，终身保养，很香[耶],,我才买的，终身质保，终身保养，很香[耶] (来源: 买得起，修不起#汽车#汽车知识 #避坑指南 #经验分享 #新能源汽车),抖音,其他,新能源车,159,random
我觉得以后教育必须发挥自己孩子嘚长处.喜欢学物理的.专门学物理.喜欢哪个学科就培养哪个学科.这样顶尖人才肯定多[灵机一动],,我觉得以后教育必须发挥自己孩子嘚长处.喜欢学物理的.专门学物理.喜欢哪个学科就培养哪个学科.这样顶尖人才肯定多[灵机一动] (来源: 丘成桐：不要把人才消耗在中高考，奥数等反复刷题的机械训练中 #财经  #教育  #中考  #数学),抖音,其他,丘成桐,8,random
什么样的父母能生出这么优秀的男孩子啊，建议多生几个，太优秀了,,什么样的父母能生出这么优秀的男孩子啊，建议多生几个，太优秀了 (来源: 全省唯一！成都16岁高一学生保送清华大学，本硕博八年贯通培养，据采访，本次丘成桐数学竞赛第一批次，四川仅录取三人，三位同),抖音,其他,丘成桐,4,random
我妈说英语第一,,我妈说英语第一 (来源: 顶尖数学家丘成桐寄语青少年：“希望他们为中国数学领先世界一起努力”#丘成桐寄语青少年引领世界数学 、#抖音夏日光合季 ),抖音,其他,丘成桐,2301,random
个人感觉老款小米SU7只有Max才能算夯，标准版本和pro不如我去买特斯拉。,,个人感觉老款小米SU7只有Max才能算夯，标准版本和pro不如我去买特斯拉。 (来源: 盘点30万以内市场热门电车，从夯到拉！ #dou是好车#特斯拉model3 #蔚来et5t #小米SU7 #极氪001 ),抖音,其他,新能源车,2,random
至境E7太懂家用了，后排头部空间对于带娃家庭太友好了，孩子在车里怎么折腾都不顶头。还有五恒健康座舱和各种护眼配置，从材质到功能，处处都是为家人尤其是孩子考虑的细,,至境E7太懂家用了，后排头部空间对于带娃家庭太友好了，孩子在车里怎么折腾都不顶头。还有五恒健康座舱和各种护眼配置，从材质到功能，处处都是为家人尤其是孩子考虑的细节，十五万级家用插混SUV，月销过万是真的实至名归 (来源: 月销过万的合资新能源到底有何过人之处？一条视频看明白！ #别克至境E7上市首月交付破万 #别克至境E7 #孩子的满分座舱),抖音,其他,新能源车,2,random
蔚来ES8和ES9到底怎么选,,蔚来ES8和ES9到底怎么选 (来源: 只有拥有蔚来全新ES8，才懂它凭啥让BBA车主集体转粉),抖音,其他,新能源车,3,random
是教育教学模式的问题,,是教育教学模式的问题 (来源: 2022年4月，数学大师丘成桐全职受聘于清华大学。他计划8年培养800位弟子，“我希望能够改变整个中国数学甚至全世界数学),抖音,其他,丘成桐,1,random
暗暗点了一波白水[九转大肠],,暗暗点了一波白水[九转大肠] (来源: 新能源乱象：库存暴涨，上下游压力暴增，研发投入与收入不成正比 #新能源汽车 #汽车 #三字车企 #恒大),抖音,其他,新能源车,1,random
丘成桐 求真[赞],,"丘成桐 求真[赞] (来源: 超弦理论的基石：丘成桐 
#创作灵感 丘成桐是历史上第一位获得菲尔兹奖的华人数学家，有人曾说，“在哈佛，丘成桐一个人就是)",抖音,其他,丘成桐,2,random
25岁斯坦福大学教授[泪奔],,25岁斯坦福大学教授[泪奔] (来源: 著名数学家丘成桐全职任教清华！曾多次表示“要在中国培养出最顶尖的数学家”),抖音,其他,丘成桐,7,random
